frame,time,x,y,z,vx,vy,ax,ay,yaw,length,width,height,id,type
0,0.0,74.69340515136719,-252.13796997070312,0.32786089181900024,0.0,0.0,0.0,0.0,-1.0963926612750319,3.705369472503662,1.788678526878357,1.549050211906433,157,VEHICLE
1,0.1,74.69344329833984,-252.13804626464844,0.08075012266635895,-0.0018041133880615234,0.0036686339881271124,-0.018041133880615234,0.03668633848428726,-1.0963933936443317,3.705369472503662,1.788678526878357,1.549050211906433,157,VEHICLE
2,0.2,74.69361877441406,-252.1383514404297,-0.04923301562666893,-0.00029489138978533447,0.0006790532497689128,0.015092220157384872,-0.029895808547735214,-1.0963926612750319,3.705369472503662,1.788678526878357,1.549050211906433,157,VEHICLE
3,0.3,74.6937026977539,-252.13848876953125,-0.04170192778110504,-0.002939628902822733,-0.0007639777613803744,-0.026447374373674393,-0.01443031057715416,-1.0963937931184953,3.705369472503662,1.788678526878357,1.549050211906433,157,VEHICLE
4,0.4,74.69365692138672,-252.13848876953125,-0.012668227776885033,0.001531245419755578,0.0003267240826971829,0.0447087436914444,0.010907018557190895,-1.0963938596975225,3.705369472503662,1.788678526878357,1.549050211906433,157,VEHICLE
5,0.5,74.69361114501953,-252.13845825195312,0.009441718459129333,0.0016548739513382316,0.00039092462975531816,0.0012362853158265352,0.0006420054705813527,-1.0963932604862772,3.705369472503662,1.788678526878357,1.549050211906433,157,VEHICLE
6,0.6,74.6935806274414,-252.138427734375,0.021190643310546875,0.0010059367632493377,0.0002519513654988259,-0.006489371880888939,-0.0013897325843572617,-1.0963925946960047,3.705369472503662,1.788678526878357,1.549050211906433,157,VEHICLE
7,0.7,74.71503448486328,-252.1778106689453,0.0235629640519619,0.4760616719722748,-0.8625553846359253,4.7505574226379395,-8.628073692321777,-1.0955218741776034,3.705369472503662,1.788678526878357,1.549050211906433,157,VEHICLE
8,0.8,74.78337860107422,-252.30429077148438,0.022177161648869514,0.8104128241539001,-1.47227144241333,3.3435115814208984,-6.097160339355469,-1.0932623817297529,3.705369472503662,1.788678526878357,1.549050211906433,157,VEHICLE
9,0.9,74.87367248535156,-252.4715576171875,0.022109869867563248,0.9918797612190247,-1.8048505783081055,1.8146693706512451,-3.325791358947754,-1.0906901010118726,3.705369472503662,1.788678526878357,1.549050211906433,157,VEHICLE
10,1.0,74.97650909423828,-252.66180419921875,0.022844620048999786,1.0930477380752563,-1.9908103942871094,1.011679768562317,-1.859598159790039,-1.0881578342893707,3.705369472503662,1.788678526878357,1.549050211906433,157,VEHICLE
11,1.1,75.09186553955078,-252.874755859375,0.023269766941666603,1.2373425960540771,-2.2543423175811768,1.442948579788208,-2.635319232940674,-1.0857388184922245,3.705369472503662,1.788678526878357,1.549050211906433,157,VEHICLE
12,1.2,75.2265625,-253.1123504638672,0.023364828899502754,1.459545612335205,-2.4665963649749756,2.2220301628112793,-2.1225404739379883,-1.0792413046436764,3.705369472503662,1.788678526878357,1.549050211906433,157,VEHICLE
13,1.3,75.3760986328125,-253.37515258789062,0.023406866937875748,1.5903359651565552,-2.7263689041137695,1.307903528213501,-2.5977253913879395,-1.0732860103930684,3.705369472503662,1.788678526878357,1.549050211906433,157,VEHICLE
14,1.4,75.5404052734375,-253.66346740722656,0.023411445319652557,1.7370188236236572,-2.9857449531555176,1.4668285846710205,-2.5937604904174805,-1.0682443801334394,3.705369472503662,1.788678526878357,1.549050211906433,157,VEHICLE
15,1.5,75.72016143798828,-253.97792053222656,0.023380203172564507,1.889609932899475,-3.251223564147949,1.5259110927581787,-2.6547861099243164,-1.0637520934276665,3.705369472503662,1.788678526878357,1.549050211906433,157,VEHICLE
16,1.6,75.9156265258789,-254.31898498535156,0.023341255262494087,2.0441322326660156,-3.519646167755127,1.5452229976654053,-2.6842260360717773,-1.059837512941359,3.705369472503662,1.788678526878357,1.549050211906433,157,VEHICLE
17,1.7,76.1269302368164,-254.68673706054688,0.02331092767417431,2.1997058391571045,-3.7892134189605713,1.5557360649108887,-2.6956725120544434,-1.0565134884267766,3.705369472503662,1.788678526878357,1.549050211906433,157,VEHICLE
18,1.8,76.35409545898438,-255.08128356933594,0.023291243240237236,2.3558077812194824,-4.059296131134033,1.5610194206237793,-2.700827121734619,-1.0537590474903349,3.705369472503662,1.788678526878357,1.549050211906433,157,VEHICLE
19,1.9,76.59716796875,-255.50274658203125,0.023279456421732903,2.5122952461242676,-4.329599380493164,1.5648746490478516,-2.7030324935913086,-1.051529848499884,3.705369472503662,1.788678526878357,1.549050211906433,157,VEHICLE
20,2.0,76.85598754882812,-255.9510955810547,0.023566588759422302,2.6631152629852295,-4.590188980102539,1.5082001686096191,-2.60589599609375,-1.0496095761958826,3.705369472503662,1.788678526878357,1.549050211906433,157,VEHICLE
21,2.1,77.1257095336914,-256.4179382324219,0.024079779163002968,2.7177560329437256,-4.686724662780762,0.5464076995849609,-0.9653568267822266,-1.0480886448973383,3.705369472503662,1.788678526878357,1.549050211906433,157,VEHICLE
22,2.2,77.39620971679688,-256.8856506347656,0.02498760260641575,2.7132954597473145,-4.680128574371338,-0.04460573196411133,0.06596088409423828,-1.047089293698286,3.705369472503662,1.788678526878357,1.549050211906433,157,VEHICLE
23,2.3,77.68720245361328,-257.3886413574219,0.023527946323156357,3.1078853607177734,-5.355410575866699,3.94589900970459,-6.752820014953613,-1.0458402045680115,3.705369472503662,1.788678526878357,1.549050211906433,157,VEHICLE
24,2.4,78.02815246582031,-257.95343017578125,0.021728668361902237,3.6571614742279053,-5.815135478973389,5.492761135101318,-4.5972490310668945,-1.0357751201231933,3.705369472503662,1.788678526878357,1.549050211906433,157,VEHICLE
25,2.5,78.40065002441406,-258.55767822265625,0.021792372688651085,3.8399124145507812,-6.079267501831055,1.8275094032287598,-2.64132022857666,-1.0238759166356375,3.705369472503662,1.788678526878357,1.549050211906433,157,VEHICLE
26,2.6,78.7718505859375,-259.1554870605469,0.024247894063591957,3.6800079345703125,-5.8412652015686035,-1.5990447998046875,2.3800230026245117,-1.0169138143349252,3.705369472503662,1.788678526878357,1.549050211906433,157,VEHICLE
27,2.7,79.12256622314453,-259.7170104980469,0.027012672275304794,3.422917604446411,-5.435671806335449,-2.5709033012390137,4.055933952331543,-1.0133590269118875,3.705369472503662,1.788678526878357,1.549050211906433,157,VEHICLE
28,2.8,79.4467544555664,-260.2342834472656,0.02893218956887722,3.1298511028289795,-4.967947006225586,-2.9306650161743164,4.677248001098633,-1.0113839600684573,3.705369472503662,1.788678526878357,1.549050211906433,157,VEHICLE
29,2.9,79.75094604492188,-260.7182312011719,0.029082678258419037,3.0311152935028076,-4.8095383644104,-0.9873580932617188,1.5840864181518555,-1.010423158126184,3.705369472503662,1.788678526878357,1.549050211906433,157,VEHICLE
30,3.0,80.03722381591797,-261.1752014160156,0.029529571533203125,2.6694304943084717,-4.235409259796143,-3.6168479919433594,5.741291046142578,-1.0078143255223424,3.705369472503662,1.788678526878357,1.549050211906433,157,VEHICLE
31,3.1,80.28782653808594,-261.57373046875,0.030077705159783363,2.4325506687164307,-3.852396249771118,-2.36879825592041,3.830130100250244,-1.006590336685342,3.705369472503662,1.788678526878357,1.549050211906433,157,VEHICLE
32,3.2,80.5384521484375,-261.95025634765625,0.028858793899416924,2.5866668224334717,-3.710359811782837,1.5411615371704102,1.4203643798828125,-0.9980315361530726,3.705369472503662,1.788678526878357,1.549050211906433,157,VEHICLE
33,3.3,80.79766082763672,-262.3336181640625,0.026932869106531143,2.6716833114624023,-3.8629019260406494,0.8501648902893066,-1.525421142578125,-0.9898264034135658,3.705369472503662,1.788678526878357,1.549050211906433,157,VEHICLE
34,3.4,81.06983947753906,-262.73486328125,0.025340041145682335,2.8089523315429688,-4.076406955718994,1.372690200805664,-2.1350502967834473,-0.9843006770467876,3.705369472503662,1.788678526878357,1.549050211906433,157,VEHICLE
35,3.5,81.357666015625,-263.1577453613281,0.024557990953326225,2.9497125148773193,-4.284482955932617,1.4076018333435059,-2.0807600021362305,-0.9800706451293603,3.705369472503662,1.788678526878357,1.549050211906433,157,VEHICLE
36,3.6,81.66190338134766,-263.603515625,0.024124830961227417,3.095428705215454,-4.500744819641113,1.4571619033813477,-2.162618637084961,-0.9769191934534149,3.705369472503662,1.788678526878357,1.549050211906433,157,VEHICLE
37,3.7,81.97233581542969,-264.0574035644531,0.02467338554561138,3.0999813079833984,-4.506298065185547,0.04552602767944336,-0.05553245544433594,-0.974443984957268,3.705369472503662,1.788678526878357,1.549050211906433,157,VEHICLE
38,3.8,82.29035949707031,-264.5213623046875,0.024512290954589844,3.3440959453582764,-4.860396385192871,2.4411463737487793,-3.540983200073242,-0.9728343038153969,3.705369472503662,1.788678526878357,1.549050211906433,157,VEHICLE
39,3.9,82.65226745605469,-265.0487976074219,0.022291526198387146,3.7775650024414062,-5.491843223571777,4.334690570831299,-6.3144683837890625,-0.9715581836000582,3.705369472503662,1.788678526878357,1.549050211906433,157,VEHICLE
40,4.0,83.05027770996094,-265.6286315917969,0.021423568949103355,4.105288982391357,-5.96640682220459,3.2772397994995117,-4.745635986328125,-0.9702825960169374,3.705369472503662,1.788678526878357,1.549050211906433,157,VEHICLE
41,4.1,83.48296356201172,-266.2339782714844,0.022083206102252007,4.480919361114502,-5.997986793518066,3.7563037872314453,-0.3157997131347656,-0.9581561583093707,3.705369472503662,1.788678526878357,1.549050211906433,157,VEHICLE
42,4.2,83.91731262207031,-266.8271484375,0.024561919271945953,4.3254265785217285,-5.743061542510986,-1.5549278259277344,2.549252510070801,-0.9436831427863078,3.705369472503662,1.788678526878357,1.549050211906433,157,VEHICLE
43,4.3,84.32845306396484,-267.3829345703125,0.027283668518066406,4.020163059234619,-5.3414306640625,-3.0526351928710938,4.016308784484863,-0.9355099014008547,3.705369472503662,1.788678526878357,1.549050211906433,157,VEHICLE
44,4.4,84.7152099609375,-267.9014892578125,0.028611183166503906,3.826789140701294,-5.0824055671691895,-1.933739185333252,2.5902509689331055,-0.9314272754497631,3.705369472503662,1.788678526878357,1.549050211906433,157,VEHICLE
45,4.5,85.0932388305664,-268.40643310546875,0.028416862711310387,3.616490364074707,-4.801586151123047,-2.102987766265869,2.808194160461426,-0.9286955379616144,3.705369472503662,1.788678526878357,1.549050211906433,157,VEHICLE
46,4.6,85.42359924316406,-268.84967041015625,0.03045734390616417,3.1453285217285156,-4.16309118270874,-4.711618423461914,6.384949684143066,-0.9231925816221564,3.705369472503662,1.788678526878357,1.549050211906433,157,VEHICLE
47,4.7,85.72824096679688,-269.25518798828125,0.03020816668868065,2.994544267654419,-3.9734907150268555,-1.5078425407409668,1.8960046768188477,-0.9218374321014696,3.705369472503662,1.788678526878357,1.549050211906433,157,VEHICLE
48,4.8,86.02960968017578,-269.6544494628906,0.02832111343741417,3.0265846252441406,-4.0116190910339355,0.3204035758972168,-0.3812837600708008,-0.9221826443577711,3.705369472503662,1.788678526878357,1.549050211906433,157,VEHICLE
49,4.9,86.34825897216797,-270.0549011230469,0.02672172524034977,3.273447275161743,-3.946488618850708,2.4686264991760254,0.6513047218322754,-0.9127513922523918,3.705369472503662,1.788678526878357,1.549050211906433,157,VEHICLE
50,5.0,86.67013549804688,-270.453857421875,0.02621074579656124,3.2709922790527344,-3.9545979499816895,-0.02454996109008789,-0.08109331130981445,-0.9025988895447916,3.705369472503662,1.788678526878357,1.549050211906433,157,VEHICLE
51,5.1,86.9964370727539,-270.85595703125,0.02582981064915657,3.3087639808654785,-4.012722492218018,0.3777170181274414,-0.5812454223632812,-0.8962181553100436,3.705369472503662,1.788678526878357,1.549050211906433,157,VEHICLE
52,5.2,87.32515716552734,-271.2591247558594,0.02579616568982601,3.3324882984161377,-4.045085906982422,0.2372431755065918,-0.32363414764404297,-0.8920075644685738,3.705369472503662,1.788678526878357,1.549050211906433,157,VEHICLE
53,5.3,87.69475555419922,-271.7104187011719,0.02309856377542019,3.948908567428589,-4.796200752258301,6.164202690124512,-7.511148452758789,-0.8894822885439334,3.705369472503662,1.788678526878357,1.549050211906433,157,VEHICLE
54,5.4,88.11538696289062,-272.2235412597656,0.02125244028866291,4.397768020629883,-5.337226867675781,4.4885945320129395,-5.410261154174805,-0.8867925624219807,3.705369472503662,1.788678526878357,1.549050211906433,157,VEHICLE
55,5.5,88.57373046875,-272.7818603515625,0.021049346774816513,4.7387213706970215,-5.752108573913574,3.4095335006713867,-4.14881706237793,-0.8847258162580246,3.705369472503662,1.788678526878357,1.549050211906433,157,VEHICLE
56,5.6,89.06230163574219,-273.3762512207031,0.02155643329024315,5.0170464515686035,-6.0902252197265625,2.7832508087158203,-3.381166458129883,-0.8833765922707633,3.705369472503662,1.788678526878357,1.549050211906433,157,VEHICLE
57,5.7,89.58636474609375,-273.9891662597656,0.022334670647978783,5.462890625,-6.115475177764893,4.458441734313965,-0.2524995803833008,-0.870313121333652,3.705369472503662,1.788678526878357,1.549050211906433,157,VEHICLE
58,5.8,90.13255310058594,-274.6107177734375,0.02341453544795513,5.5734758377075195,-6.163931369781494,1.1058521270751953,-0.4845619201660156,-0.8536452615982004,3.705369472503662,1.788678526878357,1.549050211906433,157,VEHICLE
59,5.9,90.67861938476562,-275.224609375,0.02507305145263672,5.459627151489258,-6.036416053771973,-1.1384868621826172,1.2751531600952148,-0.8439166009780864,3.705369472503662,1.788678526878357,1.549050211906433,157,VEHICLE
60,6.0,91.21053314208984,-275.81756591796875,0.026691969484090805,5.272952079772949,-5.823779106140137,-1.866750717163086,2.1263694763183594,-0.8390324301179084,3.705369472503662,1.788678526878357,1.549050211906433,157,VEHICLE
61,6.1,91.72734069824219,-276.3905029296875,0.02751319855451584,5.131346702575684,-5.659332275390625,-1.4160537719726562,1.6444683074951172,-0.8365965698268674,3.705369472503662,1.788678526878357,1.549050211906433,157,VEHICLE
62,6.2,92.23763275146484,-276.9543151855469,0.02728801593184471,5.1080451011657715,-5.627173900604248,-0.2330160140991211,0.32158374786376953,-0.8352718469216347,3.705369472503662,1.788678526878357,1.549050211906433,157,VEHICLE
63,6.3,92.7625503540039,-277.51177978515625,0.026425741612911224,5.412046432495117,-5.494513511657715,3.040013313293457,1.326603889465332,-0.8228413427966081,3.705369472503662,1.788678526878357,1.549050211906433,157,VEHICLE
64,6.4,93.30870819091797,-278.0754089355469,0.025334052741527557,5.623099327087402,-5.63177490234375,2.1105289459228516,-1.3726139068603516,-0.8064244194148692,3.705369472503662,1.788678526878357,1.549050211906433,157,VEHICLE
65,6.5,93.87618255615234,-278.6535949707031,0.024582328274846077,5.783485412597656,-5.789558410644531,1.603860855102539,-1.5778350830078125,-0.7961677205296197,3.705369472503662,1.788678526878357,1.549050211906433,157,VEHICLE
66,6.6,94.45392608642578,-279.2372741699219,0.024819334968924522,5.798386096954346,-5.802449703216553,0.14900684356689453,-0.12891292572021484,-0.7908706931214521,3.705369472503662,1.788678526878357,1.549050211906433,157,VEHICLE
67,6.7,95.02609252929688,-279.81231689453125,0.025833167135715485,5.685542583465576,-5.683337211608887,-1.1284351348876953,1.1911249160766602,-0.7880438807823875,3.705369472503662,1.788678526878357,1.549050211906433,157,VEHICLE
68,6.8,95.58490753173828,-280.37213134765625,0.026815490797162056,5.539921760559082,-5.532501220703125,-1.4562082290649414,1.5083599090576172,-0.7864618965158532,3.705369472503662,1.788678526878357,1.549050211906433,157,VEHICLE
69,6.9,96.1417465209961,-280.90899658203125,0.02721431665122509,5.65393590927124,-5.213696002960205,1.140141487121582,3.188052177429199,-0.774077731393794,3.705369472503662,1.788678526878357,1.549050211906433,157,VEHICLE
70,7.0,96.70355987548828,-281.43524169921875,0.026780394837260246,5.71837043762207,-5.1932854652404785,0.6443452835083008,0.20410537719726562,-0.7577301167794244,3.705369472503662,1.788678526878357,1.549050211906433,157,VEHICLE
71,7.1,97.27796936035156,-281.9657287597656,0.025860747322440147,5.85475492477417,-5.305926322937012,1.363844871520996,-1.126408576965332,-0.7473620311815823,3.705369472503662,1.788678526878357,1.549050211906433,157,VEHICLE
72,7.2,97.8705825805664,-282.5079345703125,0.025010565295815468,6.013192653656006,-5.444390296936035,1.5843772888183594,-1.3846397399902344,-0.7416745843576091,3.705369472503662,1.788678526878357,1.549050211906433,157,VEHICLE
73,7.3,98.47454071044922,-283.0574035644531,0.02493278495967388,6.062927722930908,-5.4839630126953125,0.49735069274902344,-0.39572715759277344,-0.7385923082909787,3.705369472503662,1.788678526878357,1.549050211906433,157,VEHICLE
74,7.4,99.0759048461914,-283.6026916503906,0.02565460093319416,5.983274936676025,-5.407127380371094,-0.7965278625488281,0.7683563232421875,-0.7368239027481388,3.705369472503662,1.788678526878357,1.549050211906433,157,VEHICLE
75,7.5,99.66597747802734,-284.1366882324219,0.02652561105787754,5.854589939117432,-5.28765869140625,-1.2868499755859375,1.1946868896484375,-0.7357901967710245,3.705369472503662,1.788678526878357,1.549050211906433,157,VEHICLE
76,7.6,100.25421905517578,-284.6481018066406,0.027014274150133133,5.964654445648193,-4.943020820617676,1.1006450653076172,3.446378707885742,-0.7229093521056655,3.705369472503662,1.788678526878357,1.549050211906433,157,VEHICLE
77,7.7,100.84600067138672,-285.146484375,0.02676616609096527,6.01377534866333,-4.895112037658691,0.4912090301513672,0.47908782958984375,-0.7052262953626757,3.705369472503662,1.788678526878357,1.549050211906433,157,VEHICLE
78,7.8,101.44915008544922,-285.6463928222656,0.025969810783863068,6.138489246368408,-4.981569290161133,1.2471389770507812,-0.8645725250244141,-0.6938468743408761,3.705369472503662,1.788678526878357,1.549050211906433,157,VEHICLE
79,7.9,102.06945037841797,-286.155029296875,0.0251797866076231,6.287387371063232,-5.095107555389404,1.4889812469482422,-1.1353826522827148,-0.6875480323096479,3.705369472503662,1.788678526878357,1.549050211906433,157,VEHICLE
80,8.0,102.7005844116211,-286.669189453125,0.025077246129512787,6.335506916046143,-5.127093315124512,0.48119544982910156,-0.3198575973510742,-0.684071408664604,3.705369472503662,1.788678526878357,1.549050211906433,157,VEHICLE
81,8.1,103.32953643798828,-287.17962646484375,0.02569839358329773,6.262837886810303,-5.062774658203125,-0.7266902923583984,0.6431865692138672,-0.6820579923014768,3.705369472503662,1.788678526878357,1.549050211906433,157,VEHICLE
82,8.2,103.95632934570312,-287.66845703125,0.02652049995958805,6.324404716491699,-4.705057144165039,0.6156682968139648,3.5771751403808594,-0.6690043084813717,3.705369472503662,1.788678526878357,1.549050211906433,157,VEHICLE
83,8.3,104.57911682128906,-288.13946533203125,0.026889342814683914,6.275864601135254,-4.58929443359375,-0.4854011535644531,1.1576271057128906,-0.6518434976281463,3.705369472503662,1.788678526878357,1.549050211906433,157,VEHICLE
84,8.4,105.2025146484375,-288.603515625,0.02662864699959755,6.294309616088867,-4.58773136138916,0.1844501495361328,0.015630722045898438,-0.6409885861830379,3.705369472503662,1.788678526878357,1.549050211906433,157,VEHICLE
85,8.5,105.83547973632812,-289.0694580078125,0.0259371567517519,6.404072284698486,-4.659563064575195,1.0976266860961914,-0.7183170318603516,-0.6350954767438832,3.705369472503662,1.788678526878357,1.549050211906433,157,VEHICLE
86,8.6,106.48239135742188,-289.5426025390625,0.025301741436123848,6.529111385345459,-4.743672847747803,1.2503910064697266,-0.8410978317260742,-0.6318509475878398,3.705369472503662,1.788678526878357,1.549050211906433,157,VEHICLE
87,8.7,107.13754272460938,-290.0198669433594,0.025253143161535263,6.564360618591309,-4.764187335968018,0.3524923324584961,-0.20514488220214844,-0.6299802766591408,3.705369472503662,1.788678526878357,1.549050211906433,157,VEHICLE
88,8.8,107.79779815673828,-290.4818420410156,0.0258275605738163,6.667293548583984,-4.448892593383789,1.0293292999267578,3.152947425842285,-0.6170358490227562,3.705369472503662,1.788678526878357,1.549050211906433,157,VEHICLE
89,8.9,108.45470428466797,-290.92755126953125,0.026432761922478676,6.600093841552734,-4.3302388191223145,-0.6719970703125,1.186537742614746,-0.600146147968501,3.705369472503662,1.788678526878357,1.549050211906433,157,VEHICLE
90,9.0,109.10667419433594,-291.3630676269531,0.02667270600795746,6.54241943359375,-4.279470443725586,-0.5767440795898438,0.5076837539672852,-0.5895943042554435,3.705369472503662,1.788678526878357,1.549050211906433,157,VEHICLE
91,9.1,109.75918579101562,-291.7941589355469,0.026441458612680435,6.561434745788574,-4.284106254577637,0.1901531219482422,-0.04635810852050781,-0.5839878841076359,3.705369472503662,1.788678526878357,1.549050211906433,157,VEHICLE
92,9.2,110.41893005371094,-292.2270812988281,0.025919532403349876,6.647122859954834,-4.333256244659424,0.8568811416625977,-0.4914999008178711,-0.5809689246959221,3.705369472503662,1.788678526878357,1.549050211906433,157,VEHICLE
93,9.3,111.08851623535156,-292.6647644042969,0.02548980712890625,6.734796047210693,-4.385773658752441,0.8767318725585938,-0.5251741409301758,-0.5792495213171397,3.705369472503662,1.788678526878357,1.549050211906433,157,VEHICLE
94,9.4,111.77071380615234,-293.0920715332031,0.025531424209475517,6.914170265197754,-4.120481014251709,1.7937421798706055,2.652926445007324,-0.5662735352218375,3.705369472503662,1.788678526878357,1.549050211906433,157,VEHICLE
95,9.5,112.45616149902344,-293.50799560546875,0.02589290589094162,6.896880149841309,-4.042850017547607,-0.17290115356445312,0.7763099670410156,-0.5494807066522339,3.705369472503662,1.788678526878357,1.549050211906433,157,VEHICLE
96,9.6,113.13818359375,-293.9153747558594,0.026280058547854424,6.832441806793213,-3.9954631328582764,-0.644383430480957,0.47386884689331055,-0.5391128207914737,3.705369472503662,1.788678526878357,1.549050211906433,157,VEHICLE
97,9.7,113.81666564941406,-294.3162536621094,0.02643772028386593,6.792452335357666,-3.9658362865448,-0.39989471435546875,0.2962684631347656,-0.5336859642801648,3.705369472503662,1.788678526878357,1.549050211906433,157,VEHICLE
98,9.8,114.4952392578125,-294.7144470214844,0.02628639154136181,6.805765151977539,-3.967463493347168,0.13312816619873047,-0.01627206802368164,-0.530819204524749,3.705369472503662,1.788678526878357,1.549050211906433,157,VEHICLE
99,9.9,115.17832946777344,-295.1137390136719,0.025954971089959145,6.860659599304199,-3.994886636734009,0.5489444732666016,-0.2742314338684082,-0.5291968400781863,3.705369472503662,1.788678526878357,1.549050211906433,157,VEHICLE
100,10.0,115.87406921386719,-295.5022888183594,0.025736656039953232,7.060202598571777,-3.7396926879882812,1.9954299926757812,2.5519394874572754,-0.516296354599788,3.705369472503662,1.788678526878357,1.549050211906433,157,VEHICLE
101,10.1,116.5782470703125,-295.8825378417969,0.02571609430015087,7.104028224945068,-3.6990628242492676,0.43825626373291016,0.4062986373901367,-0.4995790932261153,3.705369472503662,1.788678526878357,1.549050211906433,157,VEHICLE
102,10.2,117.2841796875,-296.25762939453125,0.025905150920152664,7.082629680633545,-3.680375814437866,-0.21398544311523438,0.18687009811401367,-0.48927785297163434,3.705369472503662,1.788678526878357,1.549050211906433,157,VEHICLE
103,10.3,117.9881820678711,-296.6274719238281,0.026143645867705345,7.042359352111816,-3.654423952102661,-0.40270328521728516,0.2595186233520508,-0.4838812566282114,3.705369472503662,1.788678526878357,1.549050211906433,157,VEHICLE
104,10.4,118.68966674804688,-296.993408203125,0.026259154081344604,7.015557765960693,-3.6351146697998047,-0.26801586151123047,0.19309282302856445,-0.4810375665057384,3.705369472503662,1.788678526878357,1.549050211906433,157,VEHICLE
105,10.5,119.39070129394531,-297.357666015625,0.02618865855038166,7.019942283630371,-3.633528709411621,0.043845176696777344,0.015859603881835938,-0.47945511618601333,3.705369472503662,1.788678526878357,1.549050211906433,157,VEHICLE
106,10.6,120.09993743896484,-297.7088623046875,0.026044998317956924,7.180342197418213,-3.3577120304107666,1.603999137878418,2.758166790008545,-0.46667713611775863,3.705369472503662,1.788678526878357,1.549050211906433,157,VEHICLE
107,10.7,120.81736755371094,-298.05133056640625,0.0258650965988636,7.242591857910156,-3.323192596435547,0.6224966049194336,0.34519433975219727,-0.44998124661183386,3.705369472503662,1.788678526878357,1.549050211906433,157,VEHICLE
108,10.8,121.5400161743164,-298.3902587890625,0.02580459602177143,7.264125347137451,-3.32568621635437,0.21533489227294922,-0.024936199188232422,-0.4396374956484525,3.705369472503662,1.788678526878357,1.549050211906433,157,VEHICLE
109,10.9,122.26436614990234,-298.7258605957031,0.025901908054947853,7.2548112869262695,-3.316781759262085,-0.0931406021118164,0.08904457092285156,-0.43418007936363484,3.705369472503662,1.788678526878357,1.549050211906433,157,VEHICLE
110,11.0,122.98741149902344,-299.0583801269531,0.02606460452079773,7.228346824645996,-3.299701690673828,-0.2646446228027344,0.17080068588256836,-0.43128465733698707,3.705369472503662,1.788678526878357,1.549050211906433,157,VEHICLE
111,11.1,123.70829772949219,-299.3885192871094,0.02616809867322445,7.206228256225586,-3.2855427265167236,-0.22118568420410156,0.14158964157104492,-0.42965693327873067,3.705369472503662,1.788678526878357,1.549050211906433,157,VEHICLE
112,11.2,124.42830657958984,-299.7173767089844,0.02614852786064148,7.203895092010498,-3.281820058822632,-0.023331642150878906,0.03722667694091797,-0.428693934228558,3.705369472503662,1.788678526878357,1.549050211906433,157,VEHICLE
113,11.3,125.15486907958984,-300.0315856933594,0.026085279881954193,7.343325138092041,-2.971081256866455,1.3943004608154297,3.1073880195617676,-0.41551085406898863,3.705369472503662,1.788678526878357,1.549050211906433,157,VEHICLE
114,11.4,125.88825225830078,-300.3352355957031,0.025945281609892845,7.397724628448486,-2.92099666595459,0.5439949035644531,0.5008459091186523,-0.3975649100368943,3.705369472503662,1.788678526878357,1.549050211906433,157,VEHICLE
115,11.5,126.62661743164062,-300.6343688964844,0.025858839973807335,7.422634601593018,-2.9202840328216553,0.2490997314453125,0.007126331329345703,-0.38622903169891754,3.705369472503662,1.788678526878357,1.549050211906433,157,VEHICLE
116,11.6,127.36744689941406,-300.9300537109375,0.025895308703184128,7.423686981201172,-2.914440155029297,0.010523796081542969,0.058438777923583984,-0.38014151150018716,3.705369472503662,1.788678526878357,1.549050211906433,157,VEHICLE
117,11.7,128.1079864501953,-301.2229309082031,0.026011161506175995,7.406581401824951,-2.901630401611328,-0.17105579376220703,0.1280975341796875,-0.37685410545059334,3.705369472503662,1.788678526878357,1.549050211906433,157,VEHICLE
118,11.8,128.84690856933594,-301.5135192871094,0.026112480089068413,7.3868937492370605,-2.8890042304992676,-0.19687652587890625,0.12626171112060547,-0.3749718830606662,3.705369472503662,1.788678526878357,1.549050211906433,157,VEHICLE
119,11.9,129.58909606933594,-301.7884826660156,0.02617870271205902,7.478450298309326,-2.576711416244507,0.9155654907226562,3.1229281425476074,-0.36181157292841704,3.705369472503662,1.788678526878357,1.549050211906433,157,VEHICLE
120,12.0,130.33531188964844,-302.05230712890625,0.026090774685144424,7.513192653656006,-2.522911548614502,0.3474235534667969,0.5379986763000488,-0.34455495485497606,3.705369472503662,1.788678526878357,1.549050211906433,157,VEHICLE
121,12.1,131.08592224121094,-302.3114929199219,0.0259468462318182,7.543457984924316,-2.5233330726623535,0.30265331268310547,-0.004215240478515625,-0.33373037015678086,3.705369472503662,1.788678526878357,1.549050211906433,157,VEHICLE
122,12.2,131.8402557373047,-302.56781005859375,0.025869406759738922,7.564080238342285,-2.524479389190674,0.2062225341796875,-0.011463165283203125,-0.32793057122431996,3.705369472503662,1.788678526878357,1.549050211906433,157,VEHICLE
123,12.3,132.5961151123047,-302.8220520019531,0.025905493646860123,7.564037799835205,-2.518831968307495,-0.00042438507080078125,0.05647420883178711,-0.324794932067347,3.705369472503662,1.788678526878357,1.549050211906433,157,VEHICLE
124,12.4,133.35116577148438,-303.07452392578125,0.026012228801846504,7.54718542098999,-2.5089850425720215,-0.16852378845214844,0.09846925735473633,-0.32300691900098144,3.705369472503662,1.788678526878357,1.549050211906433,157,VEHICLE
125,12.5,134.10806274414062,-303.3113708496094,0.026151388883590698,7.609940052032471,-2.195199728012085,0.6275463104248047,3.1378531455993652,-0.31011671998229356,3.705369472503662,1.788678526878357,1.549050211906433,157,VEHICLE
126,12.6,134.8667755126953,-303.5367126464844,0.02614639140665531,7.624711036682129,-2.136784553527832,0.14770984649658203,0.5841517448425293,-0.2932590101506328,3.705369472503662,1.788678526878357,1.549050211906433,157,VEHICLE
127,12.7,135.6282196044922,-303.7569885253906,0.026036987081170082,7.644783973693848,-2.133188486099243,0.2007293701171875,0.03596067428588867,-0.28271605473771355,3.705369472503662,1.788678526878357,1.549050211906433,157,VEHICLE
128,12.8,136.3929901123047,-303.9742126464844,0.02592548355460167,7.668619155883789,-2.1344659328460693,0.23835182189941406,-0.012774467468261719,-0.2770910091070322,3.705369472503662,1.788678526878357,1.549050211906433,157,VEHICLE
129,12.9,137.1601104736328,-304.18963623046875,0.02589111216366291,7.680796146392822,-2.1324002742767334,0.12176990509033203,0.020656585693359375,-0.2740577019149456,3.705369472503662,1.788678526878357,1.549050211906433,157,VEHICLE
130,13.0,137.9276123046875,-304.40374755859375,0.025946959853172302,7.674929618835449,-2.126603126525879,-0.05866527557373047,0.05797147750854492,-0.2723213042394571,3.705369472503662,1.788678526878357,1.549050211906433,157,VEHICLE
131,13.1,138.69680786132812,-304.60235595703125,0.026086997240781784,7.724198818206787,-1.8124858140945435,0.4926919937133789,3.1411731243133545,-0.259509452091088,3.705369472503662,1.788678526878357,1.549050211906433,157,VEHICLE
132,13.2,139.46688842773438,-304.7893981933594,0.026127928867936134,7.728885173797607,-1.7527767419815063,0.046863555908203125,0.5970907211303711,-0.242786881039992,3.705369472503662,1.788678526878357,1.549050211906433,157,VEHICLE
133,13.3,140.23846435546875,-304.9711608886719,0.026071662083268166,7.737913131713867,-1.7461422681808472,0.09027957916259766,0.0663447380065918,-0.23236221991374265,3.705369472503662,1.788678526878357,1.549050211906433,157,VEHICLE
134,13.4,141.01231384277344,-305.14947509765625,0.025982704013586044,7.755245208740234,-1.7448325157165527,0.17332077026367188,0.013097524642944336,-0.22682124694972378,3.705369472503662,1.788678526878357,1.549050211906433,157,VEHICLE
135,13.5,141.78826904296875,-305.3258972167969,0.025926856324076653,7.769268035888672,-1.7427730560302734,0.140228271484375,0.02059459686279297,-0.22384593009037362,3.705369472503662,1.788678526878357,1.549050211906433,157,VEHICLE
136,13.6,142.56512451171875,-305.50115966796875,0.02593875862658024,7.770981788635254,-1.739292860031128,0.017137527465820312,0.03480195999145508,-0.2221547895086597,3.705369472503662,1.788678526878357,1.549050211906433,157,VEHICLE
137,13.7,143.34373474121094,-305.66107177734375,0.026045646518468857,7.812027931213379,-1.4246529340744019,0.41046142578125,3.1463992595672607,-0.20937003502438212,3.705369472503662,1.788678526878357,1.549050211906433,157,VEHICLE
138,13.8,144.123046875,-305.80950927734375,0.0260869599878788,7.815441608428955,-1.3655864000320435,0.03413677215576172,0.590665340423584,-0.1926821516464844,3.705369472503662,1.788678526878357,1.549050211906433,157,VEHICLE
139,13.9,144.90335083007812,-305.9525451660156,0.02605975978076458,7.8196306228637695,-1.3580284118652344,0.04189014434814453,0.07557988166809082,-0.182297903989777,3.705369472503662,1.788678526878357,1.549050211906433,157,VEHICLE
140,14.0,145.68515014648438,-306.09197998046875,0.026004714891314507,7.829957485198975,-1.3549563884735107,0.10326862335205078,0.030720233917236328,-0.17679895903671095,3.705369472503662,1.788678526878357,1.549050211906433,157,VEHICLE
141,14.1,146.46836853027344,-306.2292785644531,0.025962943211197853,7.8397369384765625,-1.3517411947250366,0.0977945327758789,0.03215193748474121,-0.17386577005685447,3.705369472503662,1.788678526878357,1.549050211906433,157,VEHICLE
142,14.2,147.25233459472656,-306.36541748046875,0.025961264967918396,7.842520713806152,-1.3486186265945435,0.027837753295898438,0.03122568130493164,-0.1722130122843513,3.705369472503662,1.788678526878357,1.549050211906433,157,VEHICLE
143,14.3,148.03768920898438,-306.4862365722656,0.02604057267308235,7.8729567527771,-1.0324736833572388,0.30436038970947266,3.161449432373047,-0.15943301820052225,3.705369472503662,1.788678526878357,1.549050211906433,157,VEHICLE
144,14.4,148.8236846923828,-306.5956115722656,0.026061438024044037,7.878108501434326,-0.9740920662879944,0.051517486572265625,0.5838161706924438,-0.142734948231455,3.705369472503662,1.788678526878357,1.549050211906433,157,VEHICLE
145,14.5,149.61068725585938,-306.6995544433594,0.02603454515337944,7.883030414581299,-0.9668282866477966,0.04921913146972656,0.07263779640197754,-0.13235921436785741,3.705369472503662,1.788678526878357,1.549050211906433,157,VEHICLE
146,14.6,150.39886474609375,-306.79986572265625,0.02599739097058773,7.890388488769531,-0.9629977941513062,0.07358074188232422,0.038304924964904785,-0.12687366844402584,3.705369472503662,1.788678526878357,1.549050211906433,157,VEHICLE
147,14.7,151.18795776367188,-306.89801025390625,0.025976676493883133,7.89568567276001,-0.9590156078338623,0.052971839904785156,0.03982186317443848,-0.12395854734768988,3.705369472503662,1.788678526878357,1.549050211906433,157,VEHICLE
148,14.8,151.97740173339844,-306.994873046875,0.02598338946700096,7.895778656005859,-0.9554857611656189,0.0009298324584960938,0.03529846668243408,-0.12232280883902799,3.705369472503662,1.788678526878357,1.549050211906433,157,VEHICLE
149,14.9,152.76666259765625,-307.0909118652344,0.026008184999227524,7.891579627990723,-0.9524173736572266,-0.04199028015136719,0.03068387508392334,-0.12135132096288072,3.705369472503662,1.788678526878357,1.549050211906433,157,VEHICLE
0,0.0,100.97847747802734,-289.9840393066406,0.32786083221435547,0.0,0.0,0.0,0.0,2.4749855895636563,4.673638820648193,1.8118125200271606,1.441947340965271,158,VEHICLE
1,0.1,100.97847747802734,-289.9840393066406,0.08182540535926819,1.4790947355791673e-09,-1.1148572065522444e-09,1.4790947133747068e-08,-1.1148571843477839e-08,2.4749855895636563,4.673638820648193,1.8118125200271606,1.441947340965271,158,VEHICLE
2,0.2,100.97847747802734,-289.9840393066406,-0.0226565171033144,2.468117088483268e-08,1.265815630091538e-08,2.3202076704365027e-07,1.3773014018170215e-07,2.4749855895636563,4.673638820648193,1.8118125200271606,1.441947340965271,158,VEHICLE
3,0.3,100.97847747802734,-289.9840393066406,-0.018751028925180435,9.817460977501469e-08,1.0473046074821468e-07,7.349343604801106e-07,9.207230391439225e-07,2.4749855895636563,4.673638820648193,1.8118125200271606,1.441947340965271,158,VEHICLE
4,0.4,100.97847747802734,-289.9840393066406,0.0006097411969676614,1.8688525926791044e-07,2.1436910913052998e-07,8.871064665072481e-07,1.0963865406665718e-06,2.4749855895636563,4.673638820648193,1.8118125200271606,1.441947340965271,158,VEHICLE
5,0.5,100.97113037109375,-289.97802734375,0.01530536636710167,-0.296198308467865,0.2421090006828308,-2.961984872817993,2.4210879802703857,2.4748210062082894,4.673638820648193,1.8118125200271606,1.441947340965271,158,VEHICLE
6,0.6,100.90261840820312,-289.9217834472656,0.023990172892808914,-0.87503981590271,0.7167345881462097,-5.78841495513916,4.746255874633789,2.4731762379190565,4.673638820648193,1.8118125200271606,1.441947340965271,158,VEHICLE
7,0.7,100.79500579833984,-289.8335266113281,0.02846141718327999,-1.1995196342468262,0.9826469421386719,-3.244798183441162,2.659123420715332,2.4711895197458573,4.673638820648193,1.8118125200271606,1.441947340965271,158,VEHICLE
8,0.8,100.65996551513672,-289.7226257324219,0.03062393143773079,-1.4889599084854126,1.2218903303146362,-2.8944027423858643,2.3924338817596436,2.4689482033724466,4.673638820648193,1.8118125200271606,1.441947340965271,158,VEHICLE
9,0.9,100.49118041992188,-289.5837707519531,0.03165580704808235,-1.865176796913147,1.5337367057800293,-3.7621688842773438,3.1184637546539307,2.4664115424341464,4.673638820648193,1.8118125200271606,1.441947340965271,158,VEHICLE
10,1.0,100.28324127197266,-289.40533447265625,0.03215396776795387,-2.2844908237457275,1.97842276096344,-4.193140029907227,4.446860313415527,2.4594284677398495,4.673638820648193,1.8118125200271606,1.441947340965271,158,VEHICLE
11,1.1,100.02477264404297,-289.1826171875,0.032405585050582886,-2.8159992694854736,2.4248549938201904,-5.315084457397461,4.464322090148926,2.4523508508268548,4.673638820648193,1.8118125200271606,1.441947340965271,158,VEHICLE
12,1.2,99.71800231933594,-288.9176330566406,0.0325109101831913,-3.2665324211120605,2.824673891067505,-4.505331516265869,3.9981889724731445,2.4456165153783713,4.673638820648193,1.8118125200271606,1.441947340965271,158,VEHICLE
13,1.3,99.3683853149414,-288.6142883300781,0.03254558518528938,-3.6830883026123047,3.2000207901000977,-4.165558815002441,3.7534689903259277,2.439420138470084,4.673638820648193,1.8118125200271606,1.441947340965271,158,VEHICLE
14,1.4,98.97811126708984,-288.2742004394531,0.032841604202985764,-4.077602863311768,3.558969736099243,-3.945145606994629,3.589489459991455,2.4339880887946497,4.673638820648193,1.8118125200271606,1.441947340965271,158,VEHICLE
15,1.5,98.57203674316406,-287.91900634765625,0.0327739343047142,-4.065630912780762,3.5615813732147217,0.1197195053100586,0.026116371154785156,2.4293821516893574,4.673638820648193,1.8118125200271606,1.441947340965271,158,VEHICLE
16,1.6,98.15935516357422,-287.5568542480469,0.0326601006090641,-4.1375041007995605,3.6354470252990723,-0.7187318801879883,0.7386565208435059,2.4257677094579018,4.673638820648193,1.8118125200271606,1.441947340965271,158,VEHICLE
17,1.7,97.74385833740234,-287.1912536621094,0.03257697820663452,-4.286868095397949,3.775954484939575,-1.4936399459838867,1.4050745964050293,2.4231298483981782,4.673638820648193,1.8118125200271606,1.441947340965271,158,VEHICLE
18,1.8,97.25926208496094,-286.76361083984375,0.03275028243660927,-5.195959568023682,4.589169025421143,-9.090914726257324,8.132144927978516,2.420923685751157,4.673638820648193,1.8118125200271606,1.441947340965271,158,VEHICLE
19,1.9,96.70669555664062,-286.2749938964844,0.03280330449342728,-5.759161472320557,5.096636772155762,-5.63201904296875,5.074677467346191,2.419090631972855,4.673638820648193,1.8118125200271606,1.441947340965271,158,VEHICLE
20,2.0,96.1231918334961,-285.7406921386719,0.03274936601519585,-5.9033660888671875,5.498762130737305,-1.4420461654663086,4.02125358581543,2.40711679339575,4.673638820648193,1.8118125200271606,1.441947340965271,158,VEHICLE
21,2.1,95.520751953125,-285.17535400390625,0.03268863633275032,-6.097055435180664,5.750607013702393,-1.9368934631347656,2.518448829650879,2.393536802365218,4.673638820648193,1.8118125200271606,1.441947340965271,158,VEHICLE
22,2.2,94.90935516357422,-284.59637451171875,0.032600630074739456,-6.0934600830078125,5.788731098175049,0.035953521728515625,0.3812408447265625,2.3852391913568582,4.673638820648193,1.8118125200271606,1.441947340965271,158,VEHICLE
23,2.3,94.30840301513672,-284.0235290527344,0.03249458223581314,-5.928946018218994,5.666794300079346,1.6451406478881836,-1.2193679809570312,2.3805184720085837,4.673638820648193,1.8118125200271606,1.441947340965271,158,VEHICLE
24,2.4,93.7260513305664,-283.4654846191406,0.032415006309747696,-5.743380069732666,5.514762878417969,1.8556594848632812,-1.5203142166137695,2.3776867328215023,4.673638820648193,1.8118125200271606,1.441947340965271,158,VEHICLE
25,2.5,93.15946197509766,-282.9205322265625,0.03238029405474663,-5.614467144012451,5.408188819885254,1.2891292572021484,-1.0657405853271484,2.3758547443076368,4.673638820648193,1.8118125200271606,1.441947340965271,158,VEHICLE
26,2.6,92.59854125976562,-282.3796691894531,0.03239555284380913,-5.619607448577881,5.424052715301514,-0.051403045654296875,0.15863895416259766,2.3746299565223095,4.673638820648193,1.8118125200271606,1.441947340965271,158,VEHICLE
27,2.7,92.03861236572266,-281.82049560546875,0.03244598209857941,-5.6019768714904785,5.70963191986084,0.17630577087402344,2.8557920455932617,2.3630121825829478,4.673638820648193,1.8118125200271606,1.441947340965271,158,VEHICLE
28,2.8,91.4715347290039,-281.23675537109375,0.03249126300215721,-5.708083152770996,5.914895057678223,-1.0610628128051758,2.052631378173828,2.3480095308980955,4.673638820648193,1.8118125200271606,1.441947340965271,158,VEHICLE
29,2.9,90.89785766601562,-280.6392517089844,0.032492827624082565,-5.73087215423584,5.9926300048828125,-0.2278900146484375,0.7773494720458984,2.338355305630449,4.673638820648193,1.8118125200271606,1.441947340965271,158,VEHICLE
30,3.0,90.32915496826172,-280.0421142578125,0.03245300054550171,-5.633652210235596,5.933696746826172,0.9721994400024414,-0.5893325805664062,2.3326609345876417,4.673638820648193,1.8118125200271606,1.441947340965271,158,VEHICLE
31,3.1,89.77352142333984,-279.455078125,0.03240680694580078,-5.491886615753174,5.81604528427124,1.4176559448242188,-1.1765146255493164,2.329145828264846,4.673638820648193,1.8118125200271606,1.441947340965271,158,VEHICLE
32,3.2,89.23040771484375,-278.878662109375,0.032384756952524185,-5.388589859008789,5.728450775146484,1.0329675674438477,-0.8759450912475586,2.3268432591863637,4.673638820648193,1.8118125200271606,1.441947340965271,158,VEHICLE
33,3.3,88.70125579833984,-278.29815673828125,0.0323973074555397,-5.239993572235107,5.859078884124756,1.4859628677368164,1.3062810897827148,2.315606583598992,4.673638820648193,1.8118125200271606,1.441947340965271,158,VEHICLE
34,3.4,88.17472839355469,-277.7037658691406,0.03243785724043846,-5.28863525390625,6.008986473083496,-0.4864168167114258,1.4990758895874023,2.3017299164230254,4.673638820648193,1.8118125200271606,1.441947340965271,158,VEHICLE
35,3.5,87.640380859375,-277.0935363769531,0.032474059611558914,-5.371063232421875,6.157325267791748,-0.82427978515625,1.4833879470825195,2.292737220370155,4.673638820648193,1.8118125200271606,1.441947340965271,158,VEHICLE
36,3.6,87.10115814208984,-276.4729919433594,0.03247753158211708,-5.3869500160217285,6.218116760253906,-0.15886783599853516,0.607914924621582,2.2872910559409427,4.673638820648193,1.8118125200271606,1.441947340965271,158,VEHICLE
37,3.7,86.56532287597656,-275.85272216796875,0.03244907408952713,-5.320362567901611,6.172616004943848,0.6658744812011719,-0.45500755310058594,2.283835870742674,4.673638820648193,1.8118125200271606,1.441947340965271,158,VEHICLE
38,3.8,86.03849792480469,-275.24029541015625,0.03241504728794098,-5.222705364227295,6.081103324890137,0.9765720367431641,-0.9151268005371094,2.28155780274622,4.673638820648193,1.8118125200271606,1.441947340965271,158,VEHICLE
39,3.9,85.52922821044922,-274.6290283203125,0.032397955656051636,-5.009932518005371,6.124093055725098,2.1277284622192383,0.4298973083496094,2.2706806539060094,4.673638820648193,1.8118125200271606,1.441947340965271,158,VEHICLE
40,4.0,85.03095245361328,-274.0142822265625,0.03240856155753136,-4.968554496765137,6.168982982635498,0.41378021240234375,0.4488992691040039,2.257415714832434,4.673638820648193,1.8118125200271606,1.441947340965271,158,VEHICLE
41,4.1,84.53182220458984,-273.3914489746094,0.032438088208436966,-5.006694316864014,6.271806716918945,-0.38139820098876953,1.0282373428344727,2.2488967951374885,4.673638820648193,1.8118125200271606,1.441947340965271,158,VEHICLE
42,4.2,84.02780151367188,-272.75762939453125,0.03246242552995682,-5.054511070251465,6.374765396118164,-0.4781675338745117,1.0295867919921875,2.2437638184524697,4.673638820648193,1.8118125200271606,1.441947340965271,158,VEHICLE
43,4.3,83.52118682861328,-272.1169128417969,0.03246292099356651,-5.059226989746094,6.412052631378174,-0.04715919494628906,0.37287235260009766,2.240482803989492,4.673638820648193,1.8118125200271606,1.441947340965271,158,VEHICLE
44,4.4,83.01712799072266,-271.4768981933594,0.03244304656982422,-5.0140228271484375,6.37619686126709,0.4520416259765625,-0.35855770111083984,2.2383019413728262,4.673638820648193,1.8118125200271606,1.441947340965271,158,VEHICLE
45,4.5,82.51893615722656,-270.842529296875,0.0324208065867424,-4.9515862464904785,6.311703205108643,0.6243658065795898,-0.6449365615844727,2.2368225553872874,4.673638820648193,1.8118125200271606,1.441947340965271,158,VEHICLE
46,4.6,82.03582000732422,-270.2067565917969,0.032410163432359695,-4.753645420074463,6.379194736480713,1.9794082641601562,0.6749153137207031,2.225961385513617,4.673638820648193,1.8118125200271606,1.441947340965271,158,VEHICLE
47,4.7,81.56306457519531,-269.5658874511719,0.03241882100701332,-4.711016654968262,6.429166793823242,0.4262876510620117,0.49972057342529297,2.2121246657540015,4.673638820648193,1.8118125200271606,1.441947340965271,158,VEHICLE
48,4.8,81.09099578857422,-268.9180908203125,0.03243904188275337,-4.724005699157715,6.508960247039795,-0.12989044189453125,0.7979345321655273,2.2031578023637044,4.673638820648193,1.8118125200271606,1.441947340965271,158,VEHICLE
49,4.9,80.61713409423828,-268.2624206542969,0.03245365247130394,-4.7403974533081055,6.580013275146484,-0.16391754150390625,0.7105302810668945,2.197749055347808,4.673638820648193,1.8118125200271606,1.441947340965271,158,VEHICLE
50,5.0,80.1429672241211,-267.6022033691406,0.032451704144477844,-4.731027603149414,6.602749347686768,0.09369850158691406,0.22736072540283203,2.1942908075142857,4.673638820648193,1.8118125200271606,1.441947340965271,158,VEHICLE
51,5.1,79.67133331298828,-266.9425964355469,0.032438505440950394,-4.695856094360352,6.5783305168151855,0.351715087890625,-0.2441883087158203,2.1919739905239712,4.673638820648193,1.8118125200271606,1.441947340965271,158,VEHICLE
52,5.2,79.21349334716797,-266.28033447265625,0.03242358937859535,-4.5007429122924805,6.636664390563965,1.951131820678711,0.583338737487793,2.1808961724956233,4.673638820648193,1.8118125200271606,1.441947340965271,158,VEHICLE
53,5.3,78.7672348022461,-265.6157531738281,0.03241962194442749,-4.434258460998535,6.6484198570251465,0.6648445129394531,0.1175546646118164,2.1674264363342206,4.673638820648193,1.8118125200271606,1.441947340965271,158,VEHICLE
54,5.4,78.32472229003906,-264.9486389160156,0.03242778778076172,-4.415582180023193,6.684401035308838,0.18676280975341797,0.35981178283691406,2.158817634952485,4.673638820648193,1.8118125200271606,1.441947340965271,158,VEHICLE
55,5.5,77.88273620605469,-264.2767028808594,0.03243984282016754,-4.417850971221924,6.737415790557861,-0.022687911987304688,0.5301475524902344,2.1536821282644305,4.673638820648193,1.8118125200271606,1.441947340965271,158,VEHICLE
56,5.6,77.44036865234375,-263.6000061035156,0.0324464775621891,-4.419816017150879,6.776665687561035,-0.01965045928955078,0.3924989700317383,2.150419090138811,4.673638820648193,1.8118125200271606,1.441947340965271,158,VEHICLE
57,5.7,76.99855041503906,-262.9211730957031,0.03244361653923988,-4.408107757568359,6.783779144287109,0.11708259582519531,0.07113456726074219,2.1482273085616757,4.673638820648193,1.8118125200271606,1.441947340965271,158,VEHICLE
58,5.8,76.56855010986328,-262.2375183105469,0.03243396803736687,-4.228199481964111,6.8551926612854,1.7990827560424805,0.7141351699829102,2.1373307186455075,4.673638820648193,1.8118125200271606,1.441947340965271,158,VEHICLE
59,5.9,76.14936065673828,-261.55108642578125,0.032426949590444565,-4.162724494934082,6.86250638961792,0.654749870300293,0.07313728332519531,2.124157259155376,4.673638820648193,1.8118125200271606,1.441947340965271,158,VEHICLE
60,6.0,75.73472595214844,-260.8638000488281,0.03242740407586098,-4.130505084991455,6.875173568725586,0.32219409942626953,0.12667179107666016,2.115805452818833,4.673638820648193,1.8118125200271606,1.441947340965271,158,VEHICLE
61,6.1,75.32222747802734,-260.17431640625,0.0324331670999527,-4.116680145263672,6.903085231781006,0.13824939727783203,0.2791166305541992,2.110875275850824,4.673638820648193,1.8118125200271606,1.441947340965271,158,VEHICLE
62,6.2,74.91046905517578,-259.4817810058594,0.032439153641462326,-4.112509727478027,6.93337345123291,0.04170417785644531,0.30288219451904297,2.107767233700647,4.673638820648193,1.8118125200271606,1.441947340965271,158,VEHICLE
63,6.3,74.49910736083984,-258.7868347167969,0.03244098648428917,-4.10753870010376,6.950788497924805,0.04971027374267578,0.1741504669189453,2.1056819785671146,4.673638820648193,1.8118125200271606,1.441947340965271,158,VEHICLE
64,6.4,74.09870147705078,-258.0858154296875,0.032437171787023544,-3.9367387294769287,7.033519744873047,1.7079997062683105,0.8273124694824219,2.0948675471705753,4.673638820648193,1.8118125200271606,1.441947340965271,158,VEHICLE
65,6.5,73.70816802978516,-257.38092041015625,0.03243270888924599,-3.8788411617279053,7.050047874450684,0.5789756774902344,0.1652812957763672,2.081797684646848,4.673638820648193,1.8118125200271606,1.441947340965271,158,VEHICLE
66,6.6,73.32190704345703,-256.67498779296875,0.0324312187731266,-3.8455474376678467,7.058837890625,0.33293724060058594,0.08790016174316406,2.0735450810609106,4.673638820648193,1.8118125200271606,1.441947340965271,158,VEHICLE
67,6.7,72.93834686279297,-255.96791076660156,0.032432671636343,-3.823791980743408,7.07277774810791,0.21755456924438477,0.13939857482910156,2.068694532609495,4.673638820648193,1.8118125200271606,1.441947340965271,158,VEHICLE
68,6.8,72.55638122558594,-255.2592010498047,0.03243522718548775,-3.81172513961792,7.089702129364014,0.12066841125488281,0.16924381256103516,2.0656537352768423,4.673638820648193,1.8118125200271606,1.441947340965271,158,VEHICLE
69,6.9,72.17528533935547,-254.54891967773438,0.03243747726082802,-3.8047661781311035,7.103326320648193,0.06958961486816406,0.13624191284179688,2.0636385212799793,4.673638820648193,1.8118125200271606,1.441947340965271,158,VEHICLE
70,7.0,71.7948226928711,-253.8376922607422,0.032437246292829514,-3.7983953952789307,7.1090569496154785,0.06370782852172852,0.05730628967285156,2.0622781785951667,4.673638820648193,1.8118125200271606,1.441947340965271,158,VEHICLE
71,7.1,71.42605590820312,-253.12112426757812,0.032434578984975815,-3.615777015686035,7.188790798187256,1.826183795928955,0.7973384857177734,2.051401961861338,4.673638820648193,1.8118125200271606,1.441947340965271,158,VEHICLE
72,7.2,71.06773376464844,-252.40020751953125,0.032432861626148224,-3.5575053691864014,7.21388578414917,0.5827164649963379,0.2509498596191406,2.0375946700317673,4.673638820648193,1.8118125200271606,1.441947340965271,158,VEHICLE
73,7.3,70.71350860595703,-251.67727661132812,0.032433852553367615,-3.5263237953186035,7.232099533081055,0.3118157386779785,0.18213748931884766,2.0287379283525455,4.673638820648193,1.8118125200271606,1.441947340965271,158,VEHICLE
74,7.4,70.3619155883789,-250.95252990722656,0.03243553265929222,-3.503674268722534,7.249251365661621,0.22649526596069336,0.17151832580566406,2.0234817804671104,4.673638820648193,1.8118125200271606,1.441947340965271,158,VEHICLE
75,7.5,70.01222229003906,-250.22634887695312,0.03243629261851311,-3.4870710372924805,7.261793613433838,0.1660323143005371,0.12542247772216797,2.0201622833263815,4.673638820648193,1.8118125200271606,1.441947340965271,158,VEHICLE
76,7.6,69.6639633178711,-249.499267578125,0.0324360653758049,-3.474309206008911,7.267879486083984,0.12761831283569336,0.060858726501464844,2.017936146971184,4.673638820648193,1.8118125200271606,1.441947340965271,158,VEHICLE
77,7.7,69.32759094238281,-248.767333984375,0.032433852553367615,-3.293510913848877,7.339292526245117,1.8079829216003418,0.7141304016113281,2.0068367573380064,4.673638820648193,1.8118125200271606,1.441947340965271,158,VEHICLE
78,7.8,69.00135803222656,-248.03143310546875,0.0324331670999527,-3.237482786178589,7.363922119140625,0.5602812767028809,0.24629592895507812,1.9933503764197906,4.673638820648193,1.8118125200271606,1.441947340965271,158,VEHICLE
79,7.9,68.67909240722656,-247.29348754882812,0.032434653490781784,-3.207334518432617,7.3823137283325195,0.3014826774597168,0.1839160919189453,1.9847728671808633,4.673638820648193,1.8118125200271606,1.441947340965271,158,VEHICLE
80,8.0,68.35940551757812,-246.55381774902344,0.03243587538599968,-3.1846306324005127,7.397834300994873,0.22703886032104492,0.15520572662353516,1.9796946184562456,4.673638820648193,1.8118125200271606,1.441947340965271,158,VEHICLE
81,8.1,68.04166412353516,-245.81285095214844,0.03243618085980415,-3.1673424243927,7.40736722946167,0.172882080078125,0.09532928466796875,1.976492833035698,4.673638820648193,1.8118125200271606,1.441947340965271,158,VEHICLE
82,8.2,67.72541046142578,-245.07138061523438,0.032435379922389984,-3.1542069911956787,7.410610198974609,0.13135433197021484,0.03242969512939453,1.97436217100558,4.673638820648193,1.8118125200271606,1.441947340965271,158,VEHICLE
83,8.3,67.42109680175781,-244.32577514648438,0.03243354707956314,-2.973576784133911,7.472487449645996,1.8063020706176758,0.6187725067138672,1.9634786305787533,4.673638820648193,1.8118125200271606,1.441947340965271,158,VEHICLE
84,8.4,67.12681579589844,-243.57667541503906,0.03243320435285568,-2.9186339378356934,7.494950294494629,0.5494284629821777,0.22462844848632812,1.9502917221251168,4.673638820648193,1.8118125200271606,1.441947340965271,158,VEHICLE
85,8.5,66.83638763427734,-242.8256378173828,0.03243495896458626,-2.889343500137329,7.513068675994873,0.2929043769836426,0.1811838150024414,1.9419360542049933,4.673638820648193,1.8118125200271606,1.441947340965271,158,VEHICLE
86,8.6,66.54849243164062,-242.07290649414062,0.03243621811270714,-2.8671507835388184,7.528134822845459,0.22192716598510742,0.15066146850585938,1.9370081409239106,4.673638820648193,1.8118125200271606,1.441947340965271,158,VEHICLE
87,8.7,66.26250457763672,-241.31906127929688,0.03243633359670639,-2.8500540256500244,7.536386489868164,0.17096757888793945,0.08251667022705078,1.9339146130016747,4.673638820648193,1.8118125200271606,1.441947340965271,158,VEHICLE
88,8.8,65.97801971435547,-240.5647735595703,0.03243526443839073,-2.8368005752563477,7.537911891937256,0.13253450393676758,0.015254020690917969,1.931858519482079,4.673638820648193,1.8118125200271606,1.441947340965271,158,VEHICLE
89,8.9,65.69466400146484,-239.810546875,0.03243427351117134,-2.827091693878174,7.536207675933838,0.09708881378173828,-0.017042160034179688,1.9304675504447306,4.673638820648193,1.8118125200271606,1.441947340965271,158,VEHICLE
90,9.0,65.42366027832031,-239.05270385742188,0.032432671636343,-2.6359364986419678,7.593300819396973,1.9115519523620605,0.5709314346313477,1.9195633705194557,4.673638820648193,1.8118125200271606,1.441947340965271,158,VEHICLE
91,9.1,65.1634292602539,-238.29136657714844,0.03243327885866165,-2.577246904373169,7.6184306144714355,0.5868959426879883,0.2512979507446289,1.9057117370577354,4.673638820648193,1.8118125200271606,1.441947340965271,158,VEHICLE
92,9.2,64.90727996826172,-237.52777099609375,0.03243598714470863,-2.5461535453796387,7.639608383178711,0.31093358993530273,0.2117776870727539,1.8968106537463636,4.673638820648193,1.8118125200271606,1.441947340965271,158,VEHICLE
93,9.3,64.65386199951172,-236.76234436035156,0.032437171787023544,-2.5216598510742188,7.655128479003906,0.24493694305419922,0.15520095825195312,1.891512827389869,4.673638820648193,1.8118125200271606,1.441947340965271,158,VEHICLE
94,9.4,64.40261840820312,-235.9958953857422,0.03243675082921982,-2.501866102218628,7.661014080047607,0.1979374885559082,0.05885601043701172,1.8881565786260968,4.673638820648193,1.8118125200271606,1.441947340965271,158,VEHICLE
95,9.5,64.15310668945312,-235.22930908203125,0.032434768974781036,-2.486258029937744,7.659295082092285,0.1560807228088379,-0.017189979553222656,1.885902612237508,4.673638820648193,1.8118125200271606,1.441947340965271,158,VEHICLE
96,9.6,63.91618347167969,-234.45999145507812,0.0324324406683445,-2.296863317489624,7.703057765960693,1.8939471244812012,0.43762683868408203,1.8748038883946028,4.673638820648193,1.8118125200271606,1.441947340965271,158,VEHICLE
97,9.7,63.68983840942383,-233.68807983398438,0.0324324406683445,-2.2384939193725586,7.721724033355713,0.5836939811706543,0.1866626739501953,1.8613228337985672,4.673638820648193,1.8118125200271606,1.441947340965271,158,VEHICLE
98,9.8,63.467586517333984,-232.91427612304688,0.03243492171168327,-2.2073442935943604,7.740518093109131,0.3114962577819824,0.1879405975341797,1.8527356040216612,4.673638820648193,1.8118125200271606,1.441947340965271,158,VEHICLE
99,9.9,63.24803161621094,-232.1387176513672,0.03243705630302429,-2.1837618350982666,7.75661039352417,0.2358245849609375,0.16092300415039062,1.8476408436982852,4.673638820648193,1.8118125200271606,1.441947340965271,158,VEHICLE
100,10.0,63.0305061340332,-231.36199951171875,0.03243732452392578,-2.1653761863708496,7.764127731323242,0.18385648727416992,0.07517337799072266,1.8444224135209244,4.673638820648193,1.8118125200271606,1.441947340965271,158,VEHICLE
101,10.1,62.814598083496094,-230.58506774902344,0.032435644418001175,-2.150966167449951,7.762964248657227,0.14410018920898438,-0.01163482666015625,1.8422712451504129,4.673638820648193,1.8118125200271606,1.441947340965271,158,VEHICLE
102,10.2,62.61113739013672,-229.8059539794922,0.032432518899440765,-1.9631855487823486,7.797145843505859,1.8778061866760254,0.3418159484863281,1.8313886368299677,4.673638820648193,1.8118125200271606,1.441947340965271,158,VEHICLE
103,10.3,62.41813659667969,-229.02493286132812,0.03243228793144226,-1.9053996801376343,7.810734748840332,0.5778586864471436,0.13588905334472656,1.8182157099720542,4.673638820648193,1.8118125200271606,1.441947340965271,158,VEHICLE
104,10.4,62.22922897338867,-228.24246215820312,0.032434578984975815,-1.8742313385009766,7.826004505157471,0.31168341636657715,0.15269756317138672,1.8098645694257838,4.673638820648193,1.8118125200271606,1.441947340965271,158,VEHICLE
105,10.5,62.042991638183594,-227.45846557617188,0.03243667632341385,-1.8507978916168213,7.840548515319824,0.23433446884155273,0.14544010162353516,1.8049326614030659,4.673638820648193,1.8118125200271606,1.441947340965271,158,VEHICLE
106,10.6,61.8587646484375,-226.67333984375,0.032437246292829514,-1.833046793937683,7.848348617553711,0.17751097679138184,0.07800102233886719,1.801826749781761,4.673638820648193,1.8118125200271606,1.441947340965271,158,VEHICLE
107,10.7,61.67604446411133,-225.88792419433594,0.03243594989180565,-1.8197388648986816,7.848049163818359,0.13307929039001465,-0.002994537353515625,1.7997622673047315,4.673638820648193,1.8118125200271606,1.441947340965271,158,VEHICLE
108,10.8,61.4944953918457,-225.10281372070312,0.03243407979607582,-1.8096272945404053,7.843565464019775,0.10111570358276367,-0.044836997985839844,1.7983510582430986,4.673638820648193,1.8118125200271606,1.441947340965271,158,VEHICLE
109,10.9,61.325687408447266,-224.3159942626953,0.03243221342563629,-1.612582802772522,7.873180866241455,1.970444917678833,0.2961540222167969,1.7874440819986792,4.673638820648193,1.8118125200271606,1.441947340965271,158,VEHICLE
110,11.0,61.16803741455078,-223.5271453857422,0.03243297338485718,-1.5509552955627441,7.88972806930542,0.6162750720977783,0.16547203063964844,1.7736062969746273,4.673638820648193,1.8118125200271606,1.441947340965271,158,VEHICLE
111,11.1,61.01472854614258,-222.7366180419922,0.032435834407806396,-1.517403483390808,7.907408714294434,0.33551812171936035,0.17680644989013672,1.7647052136632555,4.673638820648193,1.8118125200271606,1.441947340965271,158,VEHICLE
112,11.2,60.86436080932617,-221.94444274902344,0.032437514513731,-1.491267204284668,7.920964241027832,0.26136279106140137,0.13555526733398438,1.7593991315073816,4.673638820648193,1.8118125200271606,1.441947340965271,158,VEHICLE
113,11.3,60.71625900268555,-221.15147399902344,0.03243698179721832,-1.4709947109222412,7.925106048583984,0.20272493362426758,0.04141807556152344,1.7560344937861756,4.673638820648193,1.8118125200271606,1.441947340965271,158,VEHICLE
114,11.4,60.56989669799805,-220.35858154296875,0.03243526443839073,-1.4557714462280273,7.921191215515137,0.15223264694213867,-0.03914833068847656,1.7537785300267694,4.673638820648193,1.8118125200271606,1.441947340965271,158,VEHICLE
115,11.5,60.43635177612305,-219.56468200683594,0.03243221342563629,-1.262340784072876,7.938680171966553,1.9343066215515137,0.17488956451416016,1.742691390934606,4.673638820648193,1.8118125200271606,1.441947340965271,158,VEHICLE
116,11.6,60.31365203857422,-218.7696990966797,0.032432250678539276,-1.201823115348816,7.948583126068115,0.6051766872406006,0.099029541015625,1.7292213884570944,4.673638820648193,1.8118125200271606,1.441947340965271,158,VEHICLE
117,11.7,60.19526672363281,-217.9734649658203,0.03243499621748924,-1.1684153079986572,7.962847709655762,0.3340780735015869,0.14264583587646484,1.7206358897348968,4.673638820648193,1.8118125200271606,1.441947340965271,158,VEHICLE
118,11.8,60.07978057861328,-217.17581176757812,0.03243709355592728,-1.1428924798965454,7.976190567016602,0.25522828102111816,0.13342857360839844,1.7155355367732317,4.673638820648193,1.8118125200271606,1.441947340965271,158,VEHICLE
119,11.9,59.96647644042969,-216.37718200683594,0.032437246292829514,-1.1236464977264404,7.981997966766357,0.1924598217010498,0.058073997497558594,1.7123053886870745,4.673638820648193,1.8118125200271606,1.441947340965271,158,VEHICLE
120,12.0,59.85481262207031,-215.5784912109375,0.032435834407806396,-1.109557032585144,7.979396343231201,0.14089465141296387,-0.0260162353515625,1.7101433013560936,4.673638820648193,1.8118125200271606,1.441947340965271,158,VEHICLE
121,12.1,59.75574493408203,-214.779296875,0.03243263065814972,-0.9192116260528564,7.988387107849121,1.903454065322876,0.08990764617919922,1.6992704135736272,4.673638820648193,1.8118125200271606,1.441947340965271,158,VEHICLE
122,12.2,59.66728973388672,-213.97959899902344,0.032432250678539276,-0.8601071834564209,7.9937005043029785,0.5910444259643555,0.05313396453857422,1.6861161288433442,4.673638820648193,1.8118125200271606,1.441947340965271,158,VEHICLE
123,12.3,59.58308792114258,-213.17909240722656,0.032434310764074326,-0.827064037322998,8.004243850708008,0.3304314613342285,0.10543346405029297,1.677769249354818,4.673638820648193,1.8118125200271606,1.441947340965271,158,VEHICLE
124,12.4,59.50175094604492,-212.37741088867188,0.03243652358651161,-0.8018666505813599,8.015480995178223,0.25197386741638184,0.11237144470214844,1.6728338792226831,4.673638820648193,1.8118125200271606,1.441947340965271,158,VEHICLE
125,12.5,59.422542572021484,-211.57489013671875,0.032437171787023544,-0.7833457589149475,8.021173477172852,0.18520891666412354,0.05692481994628906,1.6697283670755416,4.673638820648193,1.8118125200271606,1.441947340965271,158,VEHICLE
126,12.6,59.34488296508789,-210.772216796875,0.0324360653758049,-0.7699651122093201,8.019571304321289,0.13380646705627441,-0.016021728515625,1.667651367741389,4.673638820648193,1.8118125200271606,1.441947340965271,158,VEHICLE
127,12.7,59.27969741821289,-209.96942138671875,0.032433319836854935,-0.5817693471908569,8.02165699005127,1.8819576501846313,0.020856857299804688,1.656921358551405,4.673638820648193,1.8118125200271606,1.441947340965271,158,VEHICLE
128,12.8,59.22494125366211,-209.16656494140625,0.032432593405246735,-0.5238115787506104,8.024258613586426,0.5795776844024658,0.0260162353515625,1.6439688082736956,4.673638820648193,1.8118125200271606,1.441947340965271,158,VEHICLE
129,12.9,59.174354553222656,-208.36314392089844,0.03243423253297806,-0.49116572737693787,8.032153129577637,0.32645851373672485,0.07894515991210938,1.6357821179247376,4.673638820648193,1.8118125200271606,1.441947340965271,158,VEHICLE
130,13.0,59.12668228149414,-207.56015014648438,0.03243110701441765,-0.4641537666320801,8.00579833984375,0.2701196074485779,-0.2635478973388672,1.6309629947741848,4.673638820648193,1.8118125200271606,1.441947340965271,158,VEHICLE
131,13.1,59.08156967163086,-206.7644805908203,0.032412681728601456,-0.4395609498023987,7.894826889038086,0.24592816829681396,-1.1097145080566406,1.627946432207452,4.673638820648193,1.8118125200271606,1.441947340965271,158,VEHICLE
132,13.2,59.038787841796875,-205.98397827148438,0.03238559514284134,-0.41770148277282715,7.71801233291626,0.21859467029571533,-1.7681455612182617,1.6259642414081061,4.673638820648193,1.8118125200271606,1.441947340965271,158,VEHICLE
133,13.3,58.99798583984375,-205.22213745117188,0.03236488252878189,-0.39966583251953125,7.5323166847229,0.18035650253295898,-1.8569564819335938,1.6246278671731043,4.673638820648193,1.8118125200271606,1.441947340965271,158,VEHICLE
134,13.4,58.966087341308594,-204.4765167236328,0.032359540462493896,-0.27363231778144836,7.391751766204834,1.2603352069854736,-1.405649185180664,1.6176510509073692,4.673638820648193,1.8118125200271606,1.441947340965271,158,VEHICLE
135,13.5,58.94075012207031,-203.74118041992188,0.032370757311582565,-0.2389630526304245,7.316948890686035,0.34669265151023865,-0.7480287551879883,1.6095290753729001,4.673638820648193,1.8118125200271606,1.441947340965271,158,VEHICLE
136,13.6,58.917903900146484,-203.01055908203125,0.0323888398706913,-0.21963872015476227,7.282989501953125,0.19324332475662231,-0.33959388732910156,1.6043417702016436,4.673638820648193,1.8118125200271606,1.441947340965271,158,VEHICLE
137,13.7,58.89678955078125,-202.2835235595703,0.0323999784886837,-0.20394198596477509,7.237635135650635,0.15696734189987183,-0.45354366302490234,1.6011435800485676,4.673638820648193,1.8118125200271606,1.441947340965271,158,VEHICLE
138,13.8,58.87710952758789,-201.56362915039062,0.03239688649773598,-0.19065769016742706,7.143960952758789,0.13284295797348022,-0.936741828918457,1.5990282311947175,4.673638820648193,1.8118125200271606,1.441947340965271,158,VEHICLE
139,13.9,58.85862350463867,-200.8557891845703,0.03238479420542717,-0.17973263561725616,7.006605625152588,0.10925054550170898,-1.3735532760620117,1.5975692183915178,4.673638820648193,1.8118125200271606,1.441947340965271,158,VEHICLE
140,14.0,58.84111022949219,-200.16256713867188,0.032373543828725815,-0.17106638848781586,6.85931396484375,0.08666247129440308,-1.472916603088379,1.5965542877000884,4.673638820648193,1.8118125200271606,1.441947340965271,158,VEHICLE
141,14.1,58.8271598815918,-199.4828338623047,0.032370757311582565,-0.12236251682043076,6.737619876861572,0.4870387315750122,-1.2169408798217773,1.593516952476853,4.673638820648193,1.8118125200271606,1.441947340965271,158,VEHICLE
142,14.2,58.81559371948242,-198.81277465820312,0.03237808123230934,-0.11034753918647766,6.6582465171813965,0.12014977633953094,-0.7937335968017578,1.5902840080715515,4.673638820648193,1.8118125200271606,1.441947340965271,158,VEHICLE
143,14.3,58.80491638183594,-198.1487274169922,0.03238975629210472,-0.1032886877655983,6.607740879058838,0.07058851420879364,-0.5050563812255859,1.5882026145216,4.673638820648193,1.8118125200271606,1.441947340965271,158,VEHICLE
144,14.4,58.79490661621094,-197.48968505859375,0.03239753469824791,-0.0972820520401001,6.552682876586914,0.060066357254981995,-0.5505800247192383,1.586858250803328,4.673638820648193,1.8118125200271606,1.441947340965271,158,VEHICLE
145,14.5,58.785438537597656,-196.8377685546875,0.03239646926522255,-0.09212599694728851,6.46728515625,0.051560550928115845,-0.8539772033691406,1.5859270765281819,4.673638820648193,1.8118125200271606,1.441947340965271,158,VEHICLE
146,14.6,58.77644348144531,-196.1962127685547,0.03238876163959503,-0.0877523198723793,6.352230072021484,0.0437367707490921,-1.1505508422851562,1.585262351520098,4.673638820648193,1.8118125200271606,1.441947340965271,158,VEHICLE
147,14.7,58.767822265625,-195.5667724609375,0.03238128498196602,-0.08464920520782471,6.229726314544678,0.03103114664554596,-1.2250375747680664,1.5848128099280927,4.673638820648193,1.8118125200271606,1.441947340965271,158,VEHICLE
148,14.8,58.76051712036133,-194.94866943359375,0.03237960860133171,-0.06685294210910797,6.125308036804199,0.17796263098716736,-1.0441827774047852,1.5836605932824699,4.673638820648193,1.8118125200271606,1.441947340965271,158,VEHICLE
149,14.9,58.75403594970703,-194.3392791748047,0.03238506242632866,-0.0629931166768074,6.05100679397583,0.038598254323005676,-0.7430124282836914,1.5824760192296026,4.673638820648193,1.8118125200271606,1.441947340965271,158,VEHICLE
0,0.0,83.26968383789062,-266.19964599609375,0.32786086201667786,0.0,0.0,0.0,0.0,-0.9498588801961471,5.357479572296143,2.033202886581421,1.4106587171554565,159,VEHICLE
1,0.1,83.26968383789062,-266.19964599609375,0.08076907694339752,0.0,0.0,0.0,0.0,-0.9498588801961471,5.357479572296143,2.033202886581421,1.4106587171554565,159,VEHICLE
2,0.2,83.26968383789062,-266.19964599609375,-0.0491526797413826,5.1474597029255165e-08,3.3210017846840856e-08,5.14745977397979e-07,3.321001713629812e-07,-0.9498588801961471,5.357479572296143,2.033202886581421,1.4106587171554565,159,VEHICLE
3,0.3,83.26979064941406,-266.1997375488281,-0.041450079530477524,-0.0006731213652528822,-0.00043025732156820595,-0.006731728091835976,-0.004302905406802893,-0.9498589467751744,5.357479572296143,2.033202886581421,1.4106587171554565,159,VEHICLE
4,0.4,83.2697525024414,-266.19976806640625,-0.01245346013456583,0.000451291591161862,0.0003005465550813824,0.01124412938952446,0.007308038882911205,-0.9498589467751744,5.357479572296143,2.033202886581421,1.4106587171554565,159,VEHICLE
5,0.5,83.2696762084961,-266.19976806640625,0.009680633433163166,0.0003611475112847984,0.00022657279623672366,-0.0009014407987706363,-0.0007397375884465873,-0.9498589467751744,5.357479572296143,2.033202886581421,1.4106587171554565,159,VEHICLE
6,0.6,83.26961517333984,-266.1997375488281,0.021467741578817368,0.00019489564874675125,0.00011871178139699623,-0.001662518596276641,-0.00107861019205302,-0.9498588801961471,5.357479572296143,2.033202886581421,1.4106587171554565,159,VEHICLE
7,0.7,83.28561401367188,-266.2210998535156,0.026023520156741142,0.3620232045650482,-0.47113746404647827,3.6182830333709717,-4.71256160736084,-0.9493977538533999,5.357479572296143,2.033202886581421,1.4106587171554565,159,VEHICLE
8,0.8,83.33799743652344,-266.28997802734375,0.02700626291334629,0.63090580701828,-0.8160340189933777,2.688826084136963,-3.448965549468994,-0.9483265638839428,5.357479572296143,2.033202886581421,1.4106587171554565,159,VEHICLE
9,0.9,83.4092788696289,-266.3839416503906,0.02682800218462944,0.7889332175254822,-1.021559238433838,1.5802741050720215,-2.0552520751953125,-0.9465939778577644,5.357479572296143,2.033202886581421,1.4106587171554565,159,VEHICLE
10,1.0,83.49331665039062,-266.4947509765625,0.026471517980098724,0.9043272733688354,-1.1687945127487183,1.1539405584335327,-1.4723527431488037,-0.9442471337261593,5.357479572296143,2.033202886581421,1.4106587171554565,159,VEHICLE
11,1.1,83.58976745605469,-266.6217346191406,0.026207465678453445,1.0371832847595215,-1.339538812637329,1.3285601139068604,-1.7074429988861084,-0.941563333137632,5.357479572296143,2.033202886581421,1.4106587171554565,159,VEHICLE
12,1.2,83.69984436035156,-266.76641845703125,0.026063919067382812,1.1765198707580566,-1.518456220626831,1.3933658599853516,-1.7891740798950195,-0.9387020328624509,5.357479572296143,2.033202886581421,1.4106587171554565,159,VEHICLE
13,1.3,83.82391357421875,-266.9291687011719,0.026004638522863388,1.3174735307693481,-1.6990163326263428,1.409536600112915,-1.8056011199951172,-0.9357423287849913,5.357479572296143,2.033202886581421,1.4106587171554565,159,VEHICLE
14,1.4,83.9620361328125,-267.1099548339844,0.025989416986703873,1.457702875137329,-1.8782366514205933,1.4022934436798096,-1.7922031879425049,-0.9327510662486143,5.357479572296143,2.033202886581421,1.4106587171554565,159,VEHICLE
15,1.5,84.11409759521484,-267.3084411621094,0.025991668924689293,1.5960967540740967,-2.054706573486328,1.3839387893676758,-1.7646992206573486,-0.9297938255951631,5.357479572296143,2.033202886581421,1.4106587171554565,159,VEHICLE
16,1.6,84.27996063232422,-267.5245056152344,0.025998152792453766,1.7335256338119507,-2.2296669483184814,1.37428879737854,-1.7496037483215332,-0.9269305279491644,5.357479572296143,2.033202886581421,1.4106587171554565,159,VEHICLE
17,1.7,84.45989990234375,-267.75836181640625,0.026001129299402237,1.8773326873779297,-2.412508726119995,1.43807053565979,-1.8284177780151367,-0.92420498231055,5.357479572296143,2.033202886581421,1.4106587171554565,159,VEHICLE
18,1.8,84.65497589111328,-268.0112609863281,0.025996245443820953,2.0344297885894775,-2.6121344566345215,1.5709710121154785,-1.9962573051452637,-0.9216467497674199,5.357479572296143,2.033202886581421,1.4106587171554565,159,VEHICLE
19,1.9,84.86686706542969,-268.2853698730469,0.025982704013586044,2.2105724811553955,-2.835941791534424,1.7614269256591797,-2.2380733489990234,-0.9192706774428512,5.357479572296143,2.033202886581421,1.4106587171554565,159,VEHICLE
20,2.0,85.09760284423828,-268.58331298828125,0.02596191316843033,2.4083564281463623,-3.087148427963257,1.977839469909668,-2.51206636428833,-0.9170663124295654,5.357479572296143,2.033202886581421,1.4106587171554565,159,VEHICLE
21,2.1,85.34937286376953,-268.90777587890625,0.025936927646398544,2.6262495517730713,-3.3638505935668945,2.17893123626709,-2.767021656036377,-0.9150368505208705,5.357479572296143,2.033202886581421,1.4106587171554565,159,VEHICLE
22,2.2,85.62403106689453,-269.2610778808594,0.025911521166563034,2.862067461013794,-3.66320538520813,2.3581790924072266,-2.9935479164123535,-0.9132018659507787,5.357479572296143,2.033202886581421,1.4106587171554565,159,VEHICLE
23,2.3,85.9229965209961,-269.6450500488281,0.02594154328107834,3.1083216667175293,-3.9755866527557373,2.4625420570373535,-3.123812675476074,-0.9115725439958682,5.357479572296143,2.033202886581421,1.4106587171554565,159,VEHICLE
24,2.4,86.24655151367188,-270.0516662597656,0.02620841935276985,3.2825591564178467,-4.024867534637451,1.7423748970031738,-0.49280881881713867,-0.9063006168809745,5.357479572296143,2.033202886581421,1.4106587171554565,159,VEHICLE
25,2.5,86.57489776611328,-270.4586181640625,0.026312675327062607,3.333010196685791,-4.049336910247803,0.5045104026794434,-0.24469375610351562,-0.8985152649082914,5.357479572296143,2.033202886581421,1.4106587171554565,159,VEHICLE
26,2.6,86.91477966308594,-270.87603759765625,0.026285437867045403,3.492360830307007,-4.218405246734619,1.5935063362121582,-1.690683364868164,-0.8915355191653572,5.357479572296143,2.033202886581421,1.4106587171554565,159,VEHICLE
27,2.7,87.2757797241211,-271.31597900390625,0.026194991543889046,3.7321784496307373,-4.4878339767456055,2.3981761932373047,-2.6942873001098633,-0.8856355520863957,5.357479572296143,2.033202886581421,1.4106587171554565,159,VEHICLE
28,2.8,87.66376495361328,-271.7856750488281,0.026102256029844284,4.015636444091797,-4.811303615570068,2.8345799446105957,-3.234696388244629,-0.8807716212505022,5.357479572296143,2.033202886581421,1.4106587171554565,159,VEHICLE
29,2.9,88.08322143554688,-272.2905578613281,0.02602161280810833,4.37356424331665,-5.224142551422119,3.579277992248535,-4.128389358520508,-0.8770435951985548,5.357479572296143,2.033202886581421,1.4106587171554565,159,VEHICLE
30,3.0,88.5355453491211,-272.83251953125,0.025980491191148758,4.653864860534668,-5.546451091766357,2.803006172180176,-3.223085403442383,-0.8742414170995735,5.357479572296143,2.033202886581421,1.4106587171554565,159,VEHICLE
31,3.1,89.01814270019531,-273.4088134765625,0.025973204523324966,4.906110763549805,-5.835969924926758,2.522459030151367,-2.895188331604004,-0.8721881198991224,5.357479572296143,2.033202886581421,1.4106587171554565,159,VEHICLE
32,3.2,89.51471710205078,-273.9917907714844,0.026101378723978996,4.990603446960449,-5.723557472229004,0.8449268341064453,1.124124526977539,-0.8666842980323101,5.357479572296143,2.033202886581421,1.4106587171554565,159,VEHICLE
33,3.3,90.05626678466797,-274.6133117675781,0.025987280532717705,5.744576454162598,-6.447603702545166,7.539730072021484,-7.240462303161621,-0.8565843927562391,5.357479572296143,2.033202886581421,1.4106587171554565,159,VEHICLE
34,3.4,90.64180755615234,-275.2756042480469,0.02595008723437786,5.969603061676025,-6.622591495513916,2.2502660751342773,-1.7498779296875,-0.8453308060959458,5.357479572296143,2.033202886581421,1.4106587171554565,159,VEHICLE
35,3.5,91.22893524169922,-275.9326171875,0.026139449328184128,5.859277725219727,-6.450615882873535,-1.1032533645629883,1.7197561264038086,-0.8354503452936972,5.357479572296143,2.033202886581421,1.4106587171554565,159,VEHICLE
36,3.6,91.80025482177734,-276.56573486328125,0.02635803073644638,5.673089027404785,-6.202663898468018,-1.861886978149414,2.479519844055176,-0.827708536004837,5.357479572296143,2.033202886581421,1.4106587171554565,159,VEHICLE
37,3.7,92.35578155517578,-277.1755065917969,0.026477431878447533,5.540297031402588,-6.018678665161133,-1.3279199600219727,1.8398523330688477,-0.8221991214997355,5.357479572296143,2.033202886581421,1.4106587171554565,159,VEHICLE
38,3.8,92.90657806396484,-277.7666320800781,0.02649436891078949,5.564636707305908,-5.7963690757751465,0.24339675903320312,2.2230958938598633,-0.81444459561667,5.357479572296143,2.033202886581421,1.4106587171554565,159,VEHICLE
39,3.9,93.45990753173828,-278.3450012207031,0.02645065262913704,5.613556385040283,-5.7245330810546875,0.48919677734375,0.7183599472045898,-0.8035372864771142,5.357479572296143,2.033202886581421,1.4106587171554565,159,VEHICLE
40,4.0,93.987548828125,-278.8870544433594,0.02659122459590435,5.036348342895508,-5.061648368835449,-5.772080421447754,6.628847122192383,-0.7932249941041094,5.357479572296143,2.033202886581421,1.4106587171554565,159,VEHICLE
41,4.1,94.47212982177734,-279.37738037109375,0.026706809177994728,4.761073112487793,-4.73574686050415,-2.7527523040771484,3.2590150833129883,-0.7852618095496362,5.357479572296143,2.033202886581421,1.4106587171554565,159,VEHICLE
42,4.2,94.94189453125,-279.84716796875,0.02664356119930744,4.686222076416016,-4.621218681335449,-0.7485103607177734,1.1452817916870117,-0.778992262290399,5.357479572296143,2.033202886581421,1.4106587171554565,159,VEHICLE
43,4.3,95.41281127929688,-280.3132629394531,0.026501044631004333,4.753995895385742,-4.654611587524414,0.6777381896972656,-0.33392906188964844,-0.7742977750788618,5.357479572296143,2.033202886581421,1.4106587171554565,159,VEHICLE
44,4.4,95.89788818359375,-280.7891540527344,0.026343345642089844,4.941555023193359,-4.810644149780273,1.8755912780761719,-1.5603256225585938,-0.770944322634234,5.357479572296143,2.033202886581421,1.4106587171554565,159,VEHICLE
45,4.5,96.4105453491211,-281.2804260253906,0.02620796114206314,5.301581859588623,-4.936800479888916,3.6002683639526367,-1.2615633010864258,-0.7642561930306635,5.357479572296143,2.033202886581421,1.4106587171554565,159,VEHICLE
46,4.6,96.95724487304688,-281.79156494140625,0.026108665391802788,5.651011943817139,-5.163271427154541,3.4943008422851562,-2.26470947265625,-0.7537419664680034,5.357479572296143,2.033202886581421,1.4106587171554565,159,VEHICLE
47,4.7,97.5230712890625,-282.31298828125,0.02614036574959755,5.693577766418457,-5.143050193786621,0.4256582260131836,0.20221233367919922,-0.7431825327458392,5.357479572296143,2.033202886581421,1.4106587171554565,159,VEHICLE
48,4.8,98.12225341796875,-282.8578796386719,0.02604522556066513,6.358211994171143,-5.681586742401123,6.6463422775268555,-5.3853654861450195,-0.7338487523363568,5.357479572296143,2.033202886581421,1.4106587171554565,159,VEHICLE
49,4.9,98.77658081054688,-283.4455871582031,0.025953100994229317,6.651163101196289,-5.8975348472595215,2.929511070251465,-2.1594810485839844,-0.7264419021336012,5.357479572296143,2.033202886581421,1.4106587171554565,159,VEHICLE
50,5.0,99.4369888305664,-284.03338623046875,0.026109924539923668,6.550079345703125,-5.778571128845215,-1.0108375549316406,1.1896371841430664,-0.7212060608514781,5.357479572296143,2.033202886581421,1.4106587171554565,159,VEHICLE
51,5.1,100.0816650390625,-284.59619140625,0.026337165385484695,6.407857894897461,-5.445685863494873,-1.4222145080566406,3.328852653503418,-0.7133687106585112,5.357479572296143,2.033202886581421,1.4106587171554565,159,VEHICLE
52,5.2,100.71066284179688,-285.1323547363281,0.02647174708545208,6.287328243255615,-5.2292962074279785,-1.205296516418457,2.1638965606689453,-0.7022573368004281,5.357479572296143,2.033202886581421,1.4106587171554565,159,VEHICLE
53,5.3,101.33148956298828,-285.6520690917969,0.026492957025766373,6.223132610321045,-5.092053413391113,-0.6419563293457031,1.3724279403686523,-0.6910293164865995,5.357479572296143,2.033202886581421,1.4106587171554565,159,VEHICLE
54,5.4,101.94960021972656,-286.1613464355469,0.02645641192793846,6.225473403930664,-5.029324054718018,0.023407936096191406,0.627293586730957,-0.6811622380688287,5.357479572296143,2.033202886581421,1.4106587171554565,159,VEHICLE
55,5.5,102.55120086669922,-286.6506042480469,0.026528282091021538,5.736759662628174,-4.5880513191223145,-4.887137413024902,4.412727355957031,-0.6729308731925845,5.357479572296143,2.033202886581421,1.4106587171554565,159,VEHICLE
56,5.6,103.09790802001953,-287.08984375,0.026688002049922943,5.353945732116699,-4.244482517242432,-3.828139305114746,3.435688018798828,-0.6670149271470824,5.357479572296143,2.033202886581421,1.4106587171554565,159,VEHICLE
57,5.7,103.62759399414062,-287.5048522949219,0.026648368686437607,5.321983337402344,-4.037152290344238,-0.3196239471435547,2.0733022689819336,-0.6593339045101032,5.357479572296143,2.033202886581421,1.4106587171554565,159,VEHICLE
58,5.8,104.1601333618164,-287.9107971191406,0.026511840522289276,5.4091386795043945,-4.016731262207031,0.8715534210205078,0.2042102813720703,-0.649404108648661,5.357479572296143,2.033202886581421,1.4106587171554565,159,VEHICLE
59,5.9,104.70870971679688,-288.3213806152344,0.0263553224503994,5.621919631958008,-4.1154680252075195,2.127809524536133,-0.9873676300048828,-0.6399622038989213,5.357479572296143,2.033202886581421,1.4106587171554565,159,VEHICLE
60,6.0,105.28423309326172,-288.745849609375,0.026216354221105576,5.921988487243652,-4.291672229766846,3.0006885528564453,-1.7620420455932617,-0.6319030123871507,5.357479572296143,2.033202886581421,1.4106587171554565,159,VEHICLE
61,6.1,105.89315032958984,-289.189697265625,0.02611316554248333,6.268045902252197,-4.509199619293213,3.460574150085449,-2.175273895263672,-0.6255344621143898,5.357479572296143,2.033202886581421,1.4106587171554565,159,VEHICLE
62,6.2,106.51758575439453,-289.6407775878906,0.026154136285185814,6.261329174041748,-4.482477188110352,-0.06716728210449219,0.2672243118286133,-0.6210321885545291,5.357479572296143,2.033202886581421,1.4106587171554565,159,VEHICLE
63,6.3,107.18331146240234,-290.1180114746094,0.02602989226579666,7.00482177734375,-4.990016460418701,7.4349260330200195,-5.075392723083496,-0.6181090363630308,5.357479572296143,2.033202886581421,1.4106587171554565,159,VEHICLE
64,6.4,107.90546417236328,-290.6242980957031,0.02596263773739338,7.348924160003662,-5.015634536743164,3.441023826599121,-0.2561807632446289,-0.6114613202290023,5.357479572296143,2.033202886581421,1.4106587171554565,159,VEHICLE
65,6.5,108.63279724121094,-291.1226806640625,0.026134032756090164,7.2343597412109375,-4.844593524932861,-1.145644187927246,1.7104101181030273,-0.6005047426092801,5.357479572296143,2.033202886581421,1.4106587171554565,159,VEHICLE
66,6.6,109.34068298339844,-291.6003112792969,0.026350097730755806,7.013068199157715,-4.6282758712768555,-2.2129154205322266,2.1631765365600586,-0.5893131410233583,5.357479572296143,2.033202886581421,1.4106587171554565,159,VEHICLE
67,6.7,110.02906036376953,-292.05810546875,0.02647140435874462,6.856362819671631,-4.468268871307373,-1.5670537948608398,1.6000699996948242,-0.5793475922242818,5.357479572296143,2.033202886581421,1.4106587171554565,159,VEHICLE
68,6.8,110.70677185058594,-292.5025329589844,0.026489105075597763,6.764230728149414,-4.361268520355225,-0.921320915222168,1.0700035095214844,-0.5712266153752215,5.357479572296143,2.033202886581421,1.4106587171554565,159,VEHICLE
69,6.9,111.38033294677734,-292.93865966796875,0.026450423523783684,6.758630752563477,-4.317877769470215,-0.055999755859375,0.43390750885009766,-0.5650613308726607,5.357479572296143,2.033202886581421,1.4106587171554565,159,VEHICLE
70,7.0,112.03042602539062,-293.34881591796875,0.02655673958361149,6.195953369140625,-3.7757177352905273,-5.626773834228516,5.421600341796875,-0.5567815630436044,5.357479572296143,2.033202886581421,1.4106587171554565,159,VEHICLE
71,7.1,112.62260437011719,-293.7109375,0.026707420125603676,5.814180374145508,-3.456871509552002,-3.817729949951172,3.188462257385254,-0.5469832274714712,5.357479572296143,2.033202886581421,1.4106587171554565,159,VEHICLE
72,7.2,113.19496154785156,-294.0539245605469,0.02665260247886181,5.724878311157227,-3.3471410274505615,-0.8930206298828125,1.0973048210144043,-0.5379225209422628,5.357479572296143,2.033202886581421,1.4106587171554565,159,VEHICLE
73,7.3,113.76808166503906,-294.3919372558594,0.026507606729865074,5.802186012268066,-3.348632335662842,0.7730770111083984,-0.014913082122802734,-0.5296768415751595,5.357479572296143,2.033202886581421,1.4106587171554565,159,VEHICLE
74,7.4,114.35753631591797,-294.7346496582031,0.02634834311902523,6.022426128387451,-3.4417011737823486,2.2024011611938477,-0.9306883811950684,-0.5228228303251906,5.357479572296143,2.033202886581421,1.4106587171554565,159,VEHICLE
75,7.5,114.97518157958984,-295.0895690917969,0.026209868490695953,6.338706970214844,-3.595487594604492,3.162808418273926,-1.5378642082214355,-0.5175044976283024,5.357479572296143,2.033202886581421,1.4106587171554565,159,VEHICLE
76,7.6,115.62791442871094,-295.46112060546875,0.02610832080245018,6.70534086227417,-3.781592845916748,3.6663389205932617,-1.8610525131225586,-0.5135837585819741,5.357479572296143,2.033202886581421,1.4106587171554565,159,VEHICLE
77,7.7,116.3026351928711,-295.836181640625,0.026139602065086365,6.791481971740723,-3.6541390419006348,0.8614110946655273,1.2745380401611328,-0.5064336371083021,5.357479572296143,2.033202886581421,1.4106587171554565,159,VEHICLE
78,7.8,117.01634216308594,-296.2217102050781,0.02604854479432106,7.558321475982666,-3.959080934524536,7.668395042419434,-3.0494189262390137,-0.4946991168446541,5.357479572296143,2.033202886581421,1.4106587171554565,159,VEHICLE
79,7.9,117.79351043701172,-296.6324768066406,0.025961799547076225,7.907723903656006,-4.076473236083984,3.4940242767333984,-1.1739230155944824,-0.48299871833247277,5.357479572296143,2.033202886581421,1.4106587171554565,159,VEHICLE
80,8.0,118.57716369628906,-297.0404357910156,0.02611549384891987,7.779700756072998,-3.968658685684204,-1.2802314758300781,1.0781455039978027,-0.47293137020072795,5.357479572296143,2.033202886581421,1.4106587171554565,159,VEHICLE
81,8.1,119.33888244628906,-297.4319763183594,0.02633575350046158,7.515908718109131,-3.798234224319458,-2.637920379638672,1.704244613647461,-0.4650781409097614,5.357479572296143,2.033202886581421,1.4106587171554565,159,VEHICLE
82,8.2,120.07901763916016,-297.8017578125,0.026469916105270386,7.373363018035889,-3.5465593338012695,-1.4254570007324219,2.5167489051818848,-0.45554668736836784,5.357479572296143,2.033202886581421,1.4106587171554565,159,VEHICLE
83,8.3,120.80821228027344,-298.15435791015625,0.026493148878216743,7.284940242767334,-3.4095821380615234,-0.8842277526855469,1.369771957397461,-0.4437551754573921,5.357479572296143,2.033202886581421,1.4106587171554565,159,VEHICLE
84,8.4,121.53262329101562,-298.4963073730469,0.026457099243998528,7.276173114776611,-3.337721109390259,-0.08767127990722656,0.7186102867126465,-0.43280908403446205,5.357479572296143,2.033202886581421,1.4106587171554565,159,VEHICLE
85,8.5,122.23643493652344,-298.8222961425781,0.02652885392308235,6.695239067077637,-3.024815082550049,-5.809340476989746,3.1290602684020996,-0.42340339827554746,5.357479572296143,2.033202886581421,1.4106587171554565,159,VEHICLE
86,8.6,122.87476348876953,-299.11279296875,0.026688842102885246,6.23956298828125,-2.783337354660034,-4.556760787963867,2.4147772789001465,-0.41652761568366725,5.357479572296143,2.033202886581421,1.4106587171554565,159,VEHICLE
87,8.7,123.48906707763672,-299.3883056640625,0.026647605001926422,6.11474609375,-2.702335834503174,-1.2481689453125,0.8100152015686035,-0.4117866896006218,5.357479572296143,2.033202886581421,1.4106587171554565,159,VEHICLE
88,8.8,124.10186004638672,-299.6597595214844,0.026510657742619514,6.174576282501221,-2.7082290649414062,0.598301887512207,-0.05893230438232422,-0.4088758545291652,5.357479572296143,2.033202886581421,1.4106587171554565,159,VEHICLE
89,8.9,124.7317123413086,-299.9299621582031,0.02635597251355648,6.439078330993652,-2.656094551086426,2.6450204849243164,0.5213451385498047,-0.4032848474261665,5.357479572296143,2.033202886581421,1.4106587171554565,159,VEHICLE
90,9.0,125.3921127319336,-300.20361328125,0.026218032464385033,6.78357458114624,-2.7248623371124268,3.444962501525879,-0.6876778602600098,-0.39427271029733835,5.357479572296143,2.033202886581421,1.4106587171554565,159,VEHICLE
91,9.1,126.0899887084961,-300.4867858886719,0.02611461654305458,7.178511619567871,-2.8352437019348145,3.9493703842163086,-1.103813648223877,-0.3850790787402213,5.357479572296143,2.033202886581421,1.4106587171554565,159,VEHICLE
92,9.2,126.80915832519531,-300.77410888671875,0.026141546666622162,7.210066795349121,-2.8157894611358643,0.3155517578125,0.19454240798950195,-0.3767182842349993,5.357479572296143,2.033202886581421,1.4106587171554565,159,VEHICLE
93,9.3,127.56661987304688,-301.07257080078125,0.026047782972455025,7.986363410949707,-3.084947109222412,7.762966156005859,-2.6915764808654785,-0.3693552430321755,5.357479572296143,2.033202886581421,1.4106587171554565,159,VEHICLE
94,9.4,128.38858032226562,-301.3916931152344,0.02596191316843033,8.327648162841797,-3.1915085315704346,3.4128475189208984,-1.0656142234802246,-0.36432985805519597,5.357479572296143,2.033202886581421,1.4106587171554565,159,VEHICLE
95,9.5,129.21612548828125,-301.7037353515625,0.026121672242879868,8.212678909301758,-2.97815203666687,-1.1496925354003906,2.1335649490356445,-0.35664300975333213,5.357479572296143,2.033202886581421,1.4106587171554565,159,VEHICLE
96,9.6,130.02081298828125,-301.9969177246094,0.026342276483774185,7.9437384605407715,-2.793483018875122,-2.6894044876098633,1.8466901779174805,-0.3456995814914921,5.357479572296143,2.033202886581421,1.4106587171554565,159,VEHICLE
97,9.7,130.80075073242188,-302.27392578125,0.0264726635068655,7.744855880737305,-2.6572868824005127,-1.988825798034668,1.3619613647460938,-0.3348127454028163,5.357479572296143,2.033202886581421,1.4106587171554565,159,VEHICLE
98,9.8,131.56668090820312,-302.5394592285156,0.026493528857827187,7.630198955535889,-2.565854787826538,-1.1465692520141602,0.9143209457397461,-0.3252056580864645,5.357479572296143,2.033202886581421,1.4106587171554565,159,VEHICLE
99,9.9,132.32595825195312,-302.79693603515625,0.026456603780388832,7.606378555297852,-2.5163521766662598,-0.2382040023803711,0.4950261116027832,-0.31757360432402904,5.357479572296143,2.033202886581421,1.4106587171554565,159,VEHICLE
100,10.0,133.06234741210938,-303.0422668457031,0.02652912028133869,6.987578392028809,-2.281920909881592,-6.18800163269043,2.3443126678466797,-0.31164703892368034,5.357479572296143,2.033202886581421,1.4106587171554565,159,VEHICLE
101,10.1,133.72996520996094,-303.25604248046875,0.026691969484090805,6.530292987823486,-1.9817157983779907,-4.572854042053223,3.0020511150360107,-0.30406129087469863,5.357479572296143,2.033202886581421,1.4106587171554565,159,VEHICLE
102,10.2,134.372802734375,-303.45269775390625,0.026651915162801743,6.40728235244751,-1.8707298040390015,-1.2301063537597656,1.1098599433898926,-0.2940638174320548,5.357479572296143,2.033202886581421,1.4106587171554565,159,VEHICLE
103,10.3,135.01425170898438,-303.6426696777344,0.026514319702982903,6.473997592926025,-1.8389540910720825,0.6671524047851562,0.31775712966918945,-0.28446325486037366,5.357479572296143,2.033202886581421,1.4106587171554565,159,VEHICLE
104,10.4,135.67190551757812,-303.83209228515625,0.026357077062129974,6.703073501586914,-1.8659051656723022,2.2907590866088867,-0.26951074600219727,-0.2762510314544644,5.357479572296143,2.033202886581421,1.4106587171554565,159,VEHICLE
105,10.5,136.3592987060547,-304.0256042480469,0.02621772699058056,7.042923927307129,-1.931526780128479,3.3985042572021484,-0.6562161445617676,-0.2697753721716118,5.357479572296143,2.033202886581421,1.4106587171554565,159,VEHICLE
106,10.6,137.08453369140625,-304.22601318359375,0.02611389011144638,7.4416422843933105,-2.01843523979187,3.9871835708618164,-0.8690845966339111,-0.26499446538270155,5.357479572296143,2.033202886581421,1.4106587171554565,159,VEHICLE
107,10.7,137.83094787597656,-304.4296875,0.026140937581658363,7.46675968170166,-2.009730100631714,0.2511739730834961,0.0870513916015625,-0.26143754743079173,5.357479572296143,2.033202886581421,1.4106587171554565,159,VEHICLE
108,10.8,138.61746215820312,-304.63470458984375,0.026049422100186348,8.301530838012695,-2.023000478744507,8.347711563110352,-0.1327037811279297,-0.2532291190294359,5.357479572296143,2.033202886581421,1.4106587171554565,159,VEHICLE
109,10.9,139.4718475341797,-304.8453063964844,0.025963859632611275,8.667485237121582,-2.032996892929077,3.659543991088867,-0.09996414184570312,-0.24102013997283342,5.357479572296143,2.033202886581421,1.4106587171554565,159,VEHICLE
110,11.0,140.33143615722656,-305.05096435546875,0.02611900307238102,8.515144348144531,-1.9515836238861084,-1.5234088897705078,0.8141326904296875,-0.22950146891553633,5.357479572296143,2.033202886581421,1.4106587171554565,159,VEHICLE
111,11.1,141.1656494140625,-305.2455139160156,0.02633853815495968,8.217541694641113,-1.8461037874221802,-2.9760265350341797,1.0547983646392822,-0.22003281604159816,5.357479572296143,2.033202886581421,1.4106587171554565,159,VEHICLE
112,11.2,141.97293090820312,-305.4291076660156,0.02646995522081852,7.9974541664123535,-1.7641265392303467,-2.2008752822875977,0.819772481918335,-0.2129791675784143,5.357479572296143,2.033202886581421,1.4106587171554565,159,VEHICLE
113,11.3,142.76451110839844,-305.6048583984375,0.02649211883544922,7.868282318115234,-1.7079777717590332,-1.2917184829711914,0.5614876747131348,-0.20817004792670601,5.357479572296143,2.033202886581421,1.4106587171554565,159,VEHICLE
114,11.4,143.54881286621094,-305.76947021484375,0.026458052918314934,7.856220722198486,-1.5321928262710571,-0.12061595916748047,1.7578494548797607,-0.2009672457977209,5.357479572296143,2.033202886581421,1.4106587171554565,159,VEHICLE
115,11.5,144.3096160888672,-305.919189453125,0.026531219482421875,7.222492694854736,-1.3280713558197021,-6.3372802734375,2.04121470451355,-0.19013618628912546,5.357479572296143,2.033202886581421,1.4106587171554565,159,VEHICLE
116,11.6,144.99855041503906,-306.0484619140625,0.026690635830163956,6.725638389587402,-1.183593988418579,-4.96854305267334,1.4447736740112305,-0.17996708875898282,5.357479572296143,2.033202886581421,1.4106587171554565,159,VEHICLE
117,11.7,145.6607666015625,-306.16778564453125,0.02664894051849842,6.587150573730469,-1.1219385862350464,-1.384878158569336,0.6165540218353271,-0.1713586868514107,5.357479572296143,2.033202886581421,1.4106587171554565,159,VEHICLE
118,11.8,146.32073974609375,-306.2823181152344,0.026511458680033684,6.648122310638428,-1.1028518676757812,0.6097173690795898,0.19086718559265137,-0.16469279464294237,5.357479572296143,2.033202886581421,1.4106587171554565,159,VEHICLE
119,11.9,146.9966583251953,-306.39581298828125,0.026354826986789703,6.877745151519775,-1.1171796321868896,2.2962284088134766,-0.14327764511108398,-0.1599422146009454,5.357479572296143,2.033202886581421,1.4106587171554565,159,VEHICLE
120,12.0,147.7024688720703,-306.5111999511719,0.02621612511575222,7.221771717071533,-1.1543952226638794,3.440265655517578,-0.37215590476989746,-0.15679539016739413,5.357479572296143,2.033202886581421,1.4106587171554565,159,VEHICLE
121,12.1,148.44708251953125,-306.6241760253906,0.026114577427506447,7.643197536468506,-1.0478942394256592,4.214258193969727,1.0650098323822021,-0.15025999285233968,5.357479572296143,2.033202886581421,1.4106587171554565,159,VEHICLE
122,12.2,149.213623046875,-306.7312316894531,0.026142844930291176,7.673035621643066,-0.9826677441596985,0.29838085174560547,0.6522649526596069,-0.13963183292929465,5.357479572296143,2.033202886581421,1.4106587171554565,159,VEHICLE
123,12.3,150.0202178955078,-306.83770751953125,0.026048965752124786,8.494650840759277,-1.0266153812408447,8.21615219116211,-0.4394763708114624,-0.1282004220095897,5.357479572296143,2.033202886581421,1.4106587171554565,159,VEHICLE
124,12.4,150.89471435546875,-306.94647216796875,0.025962676852941513,8.854170799255371,-1.0275788307189941,3.5951995849609375,-0.00963449478149414,-0.11848627561741666,5.357479572296143,2.033202886581421,1.4106587171554565,159,VEHICLE
125,12.5,151.77308654785156,-307.0511779785156,0.026119764894247055,8.686492919921875,-0.9803672432899475,-1.676778793334961,0.4721158742904663,-0.11084937823074861,5.357479572296143,2.033202886581421,1.4106587171554565,159,VEHICLE
126,12.6,152.6245880126953,-307.1490478515625,0.026340140029788017,8.374634742736816,-0.9207826852798462,-3.118581771850586,0.5958455801010132,-0.10530252966757477,5.357479572296143,2.033202886581421,1.4106587171554565,159,VEHICLE
127,12.7,153.44764709472656,-307.2346496582031,0.026473883539438248,8.148590087890625,-0.7312500476837158,-2.260446548461914,1.8953263759613037,-0.09746856668261927,5.357479572296143,2.033202886581421,1.4106587171554565,159,VEHICLE
128,12.8,154.25411987304688,-307.30810546875,0.0264961626380682,8.016825675964355,-0.6313246488571167,-1.3176441192626953,0.9992539882659912,-0.08639991159289673,5.357479572296143,2.033202886581421,1.4106587171554565,159,VEHICLE
129,12.9,155.05230712890625,-307.37347412109375,0.026458740234375,7.983361721038818,-0.5652135014533997,-0.3346395492553711,0.6611114740371704,-0.07549105449095733,5.357479572296143,2.033202886581421,1.4106587171554565,159,VEHICLE
130,13.0,155.82557678222656,-307.43115234375,0.026529768481850624,7.329941749572754,-0.4745427966117859,-6.5341997146606445,0.9067070484161377,-0.06568316066722432,5.357479572296143,2.033202886581421,1.4106587171554565,159,VEHICLE
131,13.1,156.5252227783203,-307.47857666015625,0.02668880484998226,6.819614887237549,-0.40721940994262695,-5.103268623352051,0.6732338666915894,-0.05819913288831603,5.357479572296143,2.033202886581421,1.4106587171554565,159,VEHICLE
132,13.2,157.19712829589844,-307.5202941894531,0.026647299528121948,6.674906253814697,-0.3734079897403717,-1.4470863342285156,0.3381142020225525,-0.052784922230995734,5.357479572296143,2.033202886581421,1.4106587171554565,159,VEHICLE
133,13.3,157.86624145507812,-307.5545349121094,0.026511115953326225,6.7342071533203125,-0.25836417078971863,0.5930089950561523,1.1504381895065308,-0.046266573308107,5.357479572296143,2.033202886581421,1.4106587171554565,159,VEHICLE
134,13.4,158.55105590820312,-307.5821533203125,0.026355208829045296,6.965121269226074,-0.21343635022640228,2.309141159057617,0.44927820563316345,-0.038346323903832934,5.357479572296143,2.033202886581421,1.4106587171554565,159,VEHICLE
135,13.5,159.26588439941406,-307.6061096191406,0.026216506958007812,7.311929702758789,-0.1879526525735855,3.4680843353271484,0.2548369765281677,-0.031065776196368914,5.357479572296143,2.033202886581421,1.4106587171554565,159,VEHICLE
136,13.6,160.01918029785156,-307.62738037109375,0.026113394647836685,7.720179080963135,-0.17201273143291473,4.082493782043457,0.15939921140670776,-0.025009745796934126,5.357479572296143,2.033202886581421,1.4106587171554565,159,VEHICLE
137,13.7,160.789306640625,-307.64605712890625,0.026154249906539917,7.699526786804199,-0.1546575427055359,-0.20652294158935547,0.17355188727378845,-0.020570254179177433,5.357479572296143,2.033202886581421,1.4106587171554565,159,VEHICLE
138,13.8,161.6083221435547,-307.6632080078125,0.026029853150248528,8.599679946899414,-0.15428610146045685,9.001531600952148,0.0037144124507904053,-0.01759390534490488,5.357479572296143,2.033202886581421,1.4106587171554565,159,VEHICLE
139,13.9,162.49069213867188,-307.6793212890625,0.025960693135857582,8.905029296875,-0.14686113595962524,3.0534934997558594,0.07424965500831604,-0.01578242421173028,5.357479572296143,2.033202886581421,1.4106587171554565,159,VEHICLE
140,14.0,163.37332153320312,-307.69256591796875,0.026131514459848404,8.715940475463867,-0.09916868805885315,-1.8908882141113281,0.47692447900772095,-0.013345100222387062,5.357479572296143,2.033202886581421,1.4106587171554565,159,VEHICLE
141,14.1,164.22813415527344,-307.7027587890625,0.026348914951086044,8.408080101013184,-0.07342379540205002,-3.078603744506836,0.2574489116668701,-0.010259559702826656,5.357479572296143,2.033202886581421,1.4106587171554565,159,VEHICLE
142,14.2,165.05514526367188,-307.7106628417969,0.026472320780158043,8.184779167175293,-0.05455373600125313,-2.2330093383789062,0.1887005865573883,-0.007335943018583619,5.357479572296143,2.033202886581421,1.4106587171554565,159,VEHICLE
143,14.3,165.86566162109375,-307.7167053222656,0.02649044059216976,8.048773765563965,-0.040402255952358246,-1.3600540161132812,0.14151480793952942,-0.004849083712816277,5.357479572296143,2.033202886581421,1.4106587171554565,159,VEHICLE
144,14.4,166.66818237304688,-307.72125244140625,0.02645118720829487,8.020893096923828,-0.02976301871240139,-0.2788066864013672,0.10639236867427826,-0.002872485291685141,5.357479572296143,2.033202886581421,1.4106587171554565,159,VEHICLE
145,14.5,167.4368896484375,-307.72442626953125,0.02655818872153759,7.244557857513428,-0.019854333251714706,-7.763352394104004,0.09908685088157654,-0.0015606123987864336,5.357479572296143,2.033202886581421,1.4106587171554565,159,VEHICLE
146,14.6,168.12632751464844,-307.72607421875,0.02672637812793255,6.68176794052124,-0.006890953052788973,-5.627899169921875,0.1296338140964508,-0.0008042745841853486,5.357479572296143,2.033202886581421,1.4106587171554565,159,VEHICLE
147,14.7,168.78134155273438,-307.72674560546875,0.026690712198615074,6.4808244705200195,-0.0002950464258901775,-2.009434700012207,0.06595906615257263,-9.480852667949822e-05,5.357479572296143,2.033202886581421,1.4106587171554565,159,VEHICLE
148,14.8,169.42855834960938,-307.7268371582031,0.026551971212029457,6.491024494171143,0.004324863664805889,0.10200023651123047,0.046199098229408264,0.0005175391946641764,5.357479572296143,2.033202886581421,1.4106587171554565,159,VEHICLE
149,14.9,170.08685302734375,-307.72650146484375,0.0263921357691288,6.680599689483643,0.007312665227800608,1.895751953125,0.02987801656126976,0.000986138773146106,5.357479572296143,2.033202886581421,1.4106587171554565,159,VEHICLE
