frame,time,x,y,z,vx,vy,ax,ay,yaw,length,width,height,id,type
0,0.0,-300.06817626953125,30.0446834564209,0.9990295171737671,5.728629304257993e-08,7.681531799530461e-11,5.1299400638527e-07,6.878747571548161e-10,0.0013409013487805713,3.705369472503662,1.788678526878357,1.549050211906433,154,VEHICLE
1,0.1,-300.06744384765625,30.0446834564209,0.7521200180053711,0.04991872236132622,6.999220204306766e-05,0.4991866648197174,0.0006999212200753391,0.0013409047297467988,3.705369472503662,1.788678526878357,1.549050211906433,154,VEHICLE
2,0.2,-300.06396484375,30.044376373291016,0.6234695911407471,0.00900493934750557,-0.0021236701868474483,-0.4091378450393677,-0.021936623379588127,0.0013405168288907585,3.705369472503662,1.788678526878357,1.549050211906433,154,VEHICLE
3,0.3,-300.0644836425781,30.04439926147461,0.6316788196563721,-0.005797415040433407,0.0009677979396656156,-0.1480235457420349,0.030914679169654846,0.0013427850671180169,3.705369472503662,1.788678526878357,1.549050211906433,154,VEHICLE
4,0.4,-300.0650634765625,30.04448699951172,0.6605867147445679,-0.006508000195026398,0.0006464965990744531,-0.007105851545929909,-0.0032130135223269463,0.0013434907787994554,3.705369472503662,1.788678526878357,1.549050211906433,154,VEHICLE
5,0.5,-300.0654602050781,30.04454803466797,0.6824733018875122,-0.004115072079002857,0.0002625724009703845,0.023929281160235405,-0.0038392420392483473,0.0013433351243158213,3.705369472503662,1.788678526878357,1.549050211906433,154,VEHICLE
6,0.6,-300.0656433105469,30.044565200805664,0.6940809488296509,-0.001970976358279586,-5.318988041835837e-05,0.021440956741571426,-0.0031576226465404034,0.0013424859816440335,3.705369472503662,1.788678526878357,1.549050211906433,154,VEHICLE
7,0.7,-300.0234069824219,30.03512191772461,0.6975069046020508,0.9302730560302734,-0.25111791491508484,9.322440147399902,-2.5106472969055176,-0.0063100933666850965,3.705369472503662,1.788678526878357,1.549050211906433,154,VEHICLE
8,0.8,-299.88702392578125,30.009016036987305,0.6993210911750793,1.5879778861999512,-0.41736310720443726,6.577048301696777,-1.662451982498169,-0.0260979134183405,3.705369472503662,1.788678526878357,1.549050211906433,154,VEHICLE
9,0.9,-299.7077331542969,29.975120544433594,0.703338623046875,1.8971929550170898,-0.48937857151031494,3.0921506881713867,-0.7201546430587769,-0.04849456971487808,3.705369472503662,1.788678526878357,1.549050211906433,154,VEHICLE
10,1.0,-299.5067443847656,29.935941696166992,0.7085568308830261,2.118030548095703,-0.545394778251648,2.208375930786133,-0.5601620674133301,-0.0704688569849075,3.705369472503662,1.788678526878357,1.549050211906433,154,VEHICLE
11,1.1,-299.2776184082031,29.889650344848633,0.7140119671821594,2.424938917160034,-0.6246340274810791,3.0690836906433105,-0.7923924922943115,-0.09271535676904585,3.705369472503662,1.788678526878357,1.549050211906433,154,VEHICLE
12,1.2,-299.0176696777344,29.835580825805664,0.7201932072639465,2.71358060836792,-0.6980723142623901,2.8864169120788574,-0.7343828678131104,-0.11497833486242906,3.705369472503662,1.788678526878357,1.549050211906433,154,VEHICLE
13,1.3,-298.7294921875,29.773805618286133,0.727162778377533,2.9913928508758545,-0.7681184411048889,2.7781224250793457,-0.7004612684249878,-0.13607328379121714,3.705369472503662,1.788678526878357,1.549050211906433,154,VEHICLE
14,1.4,-298.4131164550781,29.704023361206055,0.7347938418388367,3.274909019470215,-0.8399714231491089,2.8351616859436035,-0.7185298204421997,-0.15555275920276318,3.705369472503662,1.788678526878357,1.549050211906433,154,VEHICLE
15,1.5,-298.06793212890625,29.62587547302246,0.7430630922317505,3.5660781860351562,-0.9134892225265503,2.911691665649414,-0.7351779937744141,-0.17312487864159443,3.705369472503662,1.788678526878357,1.549050211906433,154,VEHICLE
16,1.6,-297.69342041015625,29.53917694091797,0.7520069479942322,3.8603975772857666,-0.9873535633087158,2.9431939125061035,-0.7386434078216553,-0.18857447533638935,3.705369472503662,1.788678526878357,1.549050211906433,154,VEHICLE
17,1.7,-297.28955078125,29.44386100769043,0.7616528272628784,4.155799388885498,-1.0612009763717651,2.9540181159973145,-0.7384741306304932,-0.2018055756193642,3.705369472503662,1.788678526878357,1.549050211906433,154,VEHICLE
18,1.8,-296.8563232421875,29.33993911743164,0.7720086574554443,4.4514689445495605,-1.1349761486053467,2.956695556640625,-0.7377517223358154,-0.2128476240653212,3.705369472503662,1.788678526878357,1.549050211906433,154,VEHICLE
19,1.9,-296.39373779296875,29.227481842041016,0.7830731272697449,4.7470855712890625,-1.2088104486465454,2.9561662673950195,-0.7383430004119873,-0.22183046642215848,3.705369472503662,1.788678526878357,1.549050211906433,154,VEHICLE
20,2.0,-295.90191650390625,29.106645584106445,0.7950783967971802,5.025656700134277,-1.2781823873519897,2.7857112884521484,-0.6937193870544434,-0.2289464661443638,3.705369472503662,1.788678526878357,1.549050211906433,154,VEHICLE
21,2.1,-295.3811950683594,28.97784423828125,0.807655394077301,5.292564392089844,-1.3440423011779785,2.669076919555664,-0.6585991382598877,-0.23462006453066864,3.705369472503662,1.788678526878357,1.549050211906433,154,VEHICLE
22,2.2,-294.8450012207031,28.844430923461914,0.8211420774459839,5.321911334991455,-1.3500832319259644,0.2934694290161133,-0.0604093074798584,-0.23894660274809773,3.705369472503662,1.788678526878357,1.549050211906433,154,VEHICLE
23,2.3,-294.30328369140625,28.708478927612305,0.8344512581825256,5.630675315856934,-1.4287104606628418,3.087639808654785,-0.7862722873687744,-0.24127798390062355,3.705369472503662,1.788678526878357,1.549050211906433,154,VEHICLE
24,2.4,-293.6912841796875,28.55435562133789,0.8470197916030884,6.379774570465088,-1.6219077110290527,7.490992546081543,-1.9319725036621094,-0.2433647703517824,3.705369472503662,1.788678526878357,1.549050211906433,154,VEHICLE
25,2.5,-293.0169372558594,28.38411521911621,0.8628668189048767,6.937106132507324,-1.7653348445892334,5.573315620422363,-1.4342713356018066,-0.24528068172949902,3.705369472503662,1.788678526878357,1.549050211906433,154,VEHICLE
26,2.6,-292.2951965332031,28.20142364501953,0.8814544677734375,7.378667831420898,-1.875907301902771,4.415616989135742,-1.105724573135376,-0.246625045447771,3.705369472503662,1.788678526878357,1.549050211906433,154,VEHICLE
27,2.7,-291.53411865234375,28.008548736572266,0.9014672636985779,7.753575801849365,-1.9692373275756836,3.749079704284668,-0.933300256729126,-0.2473973788086508,3.705369472503662,1.788678526878357,1.549050211906433,154,VEHICLE
28,2.8,-290.7412109375,27.807485580444336,0.9228554964065552,8.011905670166016,-2.0355191230773926,2.583298683166504,-0.6628179550170898,-0.24778991210857165,3.705369472503662,1.788678526878357,1.549050211906433,154,VEHICLE
29,2.9,-289.9374084472656,27.603355407714844,0.94577956199646,8.003713607788086,-2.0340287685394287,-0.08192062377929688,0.014903545379638672,-0.24799817130581586,3.705369472503662,1.788678526878357,1.549050211906433,154,VEHICLE
30,3.0,-289.14617919921875,27.4281005859375,0.9691171050071716,7.839080810546875,-1.4222971200942993,-1.6463279724121094,6.117316246032715,-0.22779113692921701,3.705369472503662,1.788678526878357,1.549050211906433,154,VEHICLE
31,3.1,-288.3802185058594,27.295578002929688,0.9913548231124878,7.595483303070068,-0.935520589351654,-2.4359750747680664,4.867765426635742,-0.18566678612397042,3.705369472503662,1.788678526878357,1.549050211906433,154,VEHICLE
32,3.2,-287.62994384765625,27.19015121459961,1.0118131637573242,7.494836330413818,-0.7586248517036438,-1.0064697265625,1.7689573764801025,-0.1477576700473444,3.705369472503662,1.788678526878357,1.549050211906433,154,VEHICLE
33,3.3,-286.8778991699219,27.101152420043945,1.0313224792480469,7.554995536804199,-0.6980225443840027,0.6015920639038086,0.6060230731964111,-0.12207088212228491,3.705369472503662,1.788678526878357,1.549050211906433,154,VEHICLE
34,3.4,-286.1107177734375,27.02150535583496,1.0508677959442139,7.750124931335449,-0.6822311878204346,1.9512939453125,0.15791356563568115,-0.10618671579423788,3.705369472503662,1.788678526878357,1.549050211906433,154,VEHICLE
35,3.5,-285.3190002441406,26.946332931518555,1.0714057683944702,8.007467269897461,-0.685035765171051,2.573423385620117,-0.02804577350616455,-0.09626429356006384,3.705369472503662,1.788678526878357,1.549050211906433,154,VEHICLE
36,3.6,-284.5052795410156,26.889650344848633,1.0941144227981567,8.175589561462402,-0.34062206745147705,1.681222915649414,3.4441370964050293,-0.07700640147359084,3.705369472503662,1.788678526878357,1.549050211906433,154,VEHICLE
37,3.7,-283.6878356933594,26.84636878967285,1.11808443069458,8.12465763092041,-0.28394007682800293,-0.5093193054199219,0.5668199062347412,-0.05664757523723587,3.705369472503662,1.788678526878357,1.549050211906433,154,VEHICLE
38,3.8,-282.88470458984375,26.810394287109375,1.1422970294952393,7.934769630432129,-0.2715773284435272,-1.8988800048828125,0.12362748384475708,-0.04487160536793429,3.705369472503662,1.788678526878357,1.549050211906433,154,VEHICLE
39,3.9,-282.1012878417969,26.779653549194336,1.1664828062057495,7.7491135597229,-0.25835999846458435,-1.8565607070922852,0.1321732997894287,-0.03885924040740379,3.705369472503662,1.788678526878357,1.549050211906433,154,VEHICLE
40,4.0,-281.3296203613281,26.7520694732666,1.1897685527801514,7.684469223022461,-0.24931155145168304,-0.6464433670043945,0.09048447012901306,-0.03571192079233735,3.705369472503662,1.788678526878357,1.549050211906433,154,VEHICLE
41,4.1,-280.554443359375,26.725914001464844,1.2123850584030151,7.78183126449585,-0.24767380952835083,0.9736204147338867,0.016377419233322144,-0.03389566157366012,3.705369472503662,1.788678526878357,1.549050211906433,154,VEHICLE
42,4.2,-279.76263427734375,26.707048416137695,1.2351659536361694,7.98584508895874,-0.11162696778774261,2.0401382446289062,1.3604683876037598,-0.027136548324066007,3.705369472503662,1.788678526878357,1.549050211906433,154,VEHICLE
43,4.3,-278.9517822265625,26.691913604736328,1.2588287591934204,8.142035484313965,-0.10334949195384979,1.561903953552246,0.08277475833892822,-0.02013243049596841,3.705369472503662,1.788678526878357,1.549050211906433,154,VEHICLE
44,4.4,-278.13623046875,26.678651809692383,1.283490538597107,8.111883163452148,-0.10591118782758713,-0.30152320861816406,-0.025616958737373352,-0.01640613653902684,3.705369472503662,1.788678526878357,1.549050211906433,154,VEHICLE
45,4.5,-277.3323669433594,26.66689682006836,1.3085204362869263,7.952892780303955,-0.1030312106013298,-1.5899038314819336,0.028799772262573242,-0.014619690160396288,3.705369472503662,1.788678526878357,1.549050211906433,154,VEHICLE
46,4.6,-276.5451965332031,26.65614128112793,1.3337370157241821,7.787386894226074,-0.09928328543901443,-1.6550588607788086,0.037479251623153687,-0.013742443857026885,3.705369472503662,1.788678526878357,1.549050211906433,154,VEHICLE
47,4.7,-275.7688293457031,26.646007537841797,1.3583265542984009,7.722641944885254,-0.09640076756477356,-0.6474494934082031,0.028825178742408752,-0.013235912698288416,3.705369472503662,1.788678526878357,1.549050211906433,154,VEHICLE
48,4.8,-274.9901123046875,26.638830184936523,1.3824350833892822,7.807249069213867,-0.04179852455854416,0.8460712432861328,0.5460224151611328,-0.01068886335114203,3.705369472503662,1.788678526878357,1.549050211906433,154,VEHICLE
49,4.9,-274.1966857910156,26.633127212524414,1.4075543880462646,7.99066686630249,-0.03814750164747238,1.8341779708862305,0.03651022911071777,-0.007920239521449704,3.705369472503662,1.788678526878357,1.549050211906433,154,VEHICLE
50,5.0,-273.38690185546875,26.628070831298828,1.4338359832763672,8.120254516601562,-0.040174249559640884,1.2958765029907227,-0.020267479121685028,-0.006404368749125251,3.705369472503662,1.788678526878357,1.549050211906433,154,VEHICLE
51,5.1,-272.5742492675781,26.623544692993164,1.4609647989273071,8.08182144165039,-0.03958963230252266,-0.38433074951171875,0.005846172571182251,-0.005691174729350682,3.705369472503662,1.788678526878357,1.549050211906433,154,VEHICLE
52,5.2,-271.77264404296875,26.619401931762695,1.4880808591842651,7.939350605010986,-0.03791338950395584,-1.424708366394043,0.016762427985668182,-0.005307146900161256,3.705369472503662,1.788678526878357,1.549050211906433,154,VEHICLE
53,5.3,-270.9857482910156,26.61546516418457,1.5144689083099365,7.799722671508789,-0.03798288851976395,-1.3962793350219727,-0.0006949901580810547,-0.005157477246898802,3.705369472503662,1.788678526878357,1.549050211906433,154,VEHICLE
54,5.4,-270.20751953125,26.61168670654297,1.5399988889694214,7.753937244415283,-0.03655179589986801,-0.4578542709350586,0.01431092619895935,-0.005057875022129839,3.705369472503662,1.788678526878357,1.549050211906433,154,VEHICLE
55,5.5,-269.4258117675781,26.609249114990234,1.5651748180389404,7.841254711151123,-0.01045931689441204,0.8731746673583984,0.2609247863292694,-0.003888747043510728,3.705369472503662,1.788678526878357,1.549050211906433,154,VEHICLE
56,5.6,-268.6296691894531,26.607500076293945,1.5914957523345947,8.002312660217285,-0.008500323630869389,1.610579490661621,0.01958993263542652,-0.00257634177846833,3.705369472503662,1.788678526878357,1.549050211906433,154,VEHICLE
57,5.7,-267.82037353515625,26.606035232543945,1.6190744638442993,8.094697952270508,-0.010324916802346706,0.9238529205322266,-0.018245931714773178,-0.0019206716481279839,3.705369472503662,1.788678526878357,1.549050211906433,154,VEHICLE
58,5.8,-267.0107116699219,26.604799270629883,1.6474146842956543,8.043700218200684,-0.010113364085555077,-0.5099773406982422,0.002115527167916298,-0.0016437028947597432,3.705369472503662,1.788678526878357,1.549050211906433,154,VEHICLE
59,5.9,-266.2120056152344,26.603715896606445,1.6764863729476929,7.916688442230225,-0.009563167579472065,-1.2701177597045898,0.005501965060830116,-0.0015068162846925079,3.705369472503662,1.788678526878357,1.549050211906433,154,VEHICLE
60,6.0,-265.4256896972656,26.60264015197754,1.7052056789398193,7.8062262535095215,-0.010919100604951382,-1.1046218872070312,-0.013559330254793167,-0.0015132080013458605,3.705369472503662,1.788678526878357,1.549050211906433,154,VEHICLE
61,6.1,-264.6452331542969,26.602210998535156,1.733183741569519,7.785666465759277,0.001992556033656001,-0.2055978775024414,0.12911656498908997,-0.0010279799206962608,3.705369472503662,1.788678526878357,1.549050211906433,154,VEHICLE
62,6.2,-263.8601379394531,26.602094650268555,1.7608017921447754,7.875044822692871,0.002896986436098814,0.8937835693359375,0.009044304490089417,-0.0004303668321568049,3.705369472503662,1.788678526878357,1.549050211906433,154,VEHICLE
63,6.3,-263.06256103515625,26.602052688598633,1.7887229919433594,8.008124351501465,0.0013058623299002647,1.3307952880859375,-0.015911240130662918,-0.00013475593490336414,3.705369472503662,1.788678526878357,1.549050211906433,154,VEHICLE
64,6.4,-262.2555847167969,26.602203369140625,1.8173749446868896,8.06469440460205,0.0033822963014245033,0.5657005310058594,0.020764339715242386,4.3887237603414945e-05,3.705369472503662,1.788678526878357,1.549050211906433,154,VEHICLE
65,6.5,-261.4500732421875,26.60248565673828,1.8465653657913208,8.006181716918945,0.0039019244723021984,-0.5851268768310547,0.005196281708776951,0.00018481918595300524,3.705369472503662,1.788678526878357,1.549050211906433,154,VEHICLE
66,6.6,-260.6538391113281,26.602874755859375,1.8764208555221558,7.895720481872559,0.005063219927251339,-1.1046123504638672,0.011612954549491405,0.0003037769222265554,3.705369472503662,1.788678526878357,1.549050211906433,154,VEHICLE
67,6.7,-259.86724853515625,26.603376388549805,1.9061270952224731,7.814413070678711,0.006044627167284489,-0.8130741119384766,0.009814072400331497,0.0004175947445925363,3.705369472503662,1.788678526878357,1.549050211906433,154,VEHICLE
68,6.8,-259.0838928222656,26.60396385192871,1.9353280067443848,7.8178839683532715,0.007003454025834799,0.03470897674560547,0.009588268585503101,0.0005430677328239107,3.705369472503662,1.788678526878357,1.549050211906433,154,VEHICLE
69,6.9,-258.295166015625,26.604496002197266,1.965135097503662,7.905760765075684,0.005193059332668781,0.8787679672241211,-0.0181039460003376,0.000581119304872241,3.705369472503662,1.788678526878357,1.549050211906433,154,VEHICLE
70,7.0,-257.49627685546875,26.60502815246582,1.9957702159881592,8.008016586303711,0.005260857753455639,1.0225582122802734,0.000677984207868576,0.0005696465161273962,3.705369472503662,1.788678526878357,1.549050211906433,154,VEHICLE
71,7.1,-256.69140625,26.60555648803711,2.0270204544067383,8.033370018005371,0.005227617919445038,0.25353431701660156,-0.00033239834010601044,0.0005461256542303576,3.705369472503662,1.788678526878357,1.549050211906433,154,VEHICLE
72,7.2,-255.88951110839844,26.606081008911133,2.05846905708313,7.972672462463379,0.005153474863618612,-0.6069755554199219,-0.0007414305582642555,0.0005221687777271159,3.705369472503662,1.788678526878357,1.549050211906433,154,VEHICLE
73,7.3,-255.09580993652344,26.606605529785156,2.089594841003418,7.884725570678711,0.004994303919374943,-0.8794689178466797,-0.001591709442436695,0.0004923313606567081,3.705369472503662,1.788678526878357,1.549050211906433,154,VEHICLE
74,7.4,-254.30908203125,26.607337951660156,2.120166540145874,7.832191467285156,0.009454570710659027,-0.5253410339355469,0.04460266977548599,0.0006506384723706424,3.705369472503662,1.788678526878357,1.549050211906433,154,VEHICLE
75,7.5,-253.5233154296875,26.60800552368164,2.1503562927246094,7.85152530670166,0.006213601212948561,0.19333839416503906,-0.03240969404578209,0.0007091923861698329,3.705369472503662,1.788678526878357,1.549050211906433,154,VEHICLE
76,7.6,-252.7317352294922,26.60883903503418,2.1813347339630127,7.924254417419434,0.010319694876670837,0.7272911071777344,0.04106093570590019,0.0008543729615235375,3.705369472503662,1.788678526878357,1.549050211906433,154,VEHICLE
77,7.7,-251.93243408203125,26.60978126525879,2.213259696960449,7.993088245391846,0.01055650319904089,0.6883382797241211,0.0023680832237005234,0.0010249396518346371,3.705369472503662,1.788678526878357,1.549050211906433,154,VEHICLE
78,7.8,-251.1298370361328,26.610897064208984,2.2457029819488525,7.99833345413208,0.012930641882121563,0.05245208740234375,0.023741386830806732,0.0012027619606888326,3.705369472503662,1.788678526878357,1.549050211906433,154,VEHICLE
79,7.9,-250.3308868408203,26.611982345581055,2.2789037227630615,7.945436954498291,0.010547681711614132,-0.5289649963378906,-0.02382960170507431,0.0012398447883850722,3.705369472503662,1.788678526878357,1.549050211906433,154,VEHICLE
80,8.0,-249.53846740722656,26.613056182861328,2.312326192855835,7.882627010345459,0.010589283891022205,-0.6280994415283203,0.00041602179408073425,0.0012034291813701411,3.705369472503662,1.788678526878357,1.549050211906433,154,VEHICLE
81,8.1,-248.75045776367188,26.61411476135254,2.3453502655029297,7.854259967803955,0.010373085737228394,-0.28367042541503906,-0.002161981537938118,0.0011753157970015044,3.705369472503662,1.788678526878357,1.549050211906433,154,VEHICLE
82,8.2,-247.96202087402344,26.615148544311523,2.378058671951294,7.879660606384277,0.010177094489336014,0.25400638580322266,-0.0019599124789237976,0.001158086913254103,3.705369472503662,1.788678526878357,1.549050211906433,154,VEHICLE
83,8.3,-247.16880798339844,26.61635971069336,2.410797119140625,7.937378883361816,0.013983662240207195,0.5771827697753906,0.038065679371356964,0.001307279200092646,3.705369472503662,1.788678526878357,1.549050211906433,154,VEHICLE
84,8.4,-246.3704071044922,26.617528915405273,2.4438395500183105,7.978601932525635,0.011402072384953499,0.4122304916381836,-0.025815898552536964,0.0013576278989688429,3.705369472503662,1.788678526878357,1.549050211906433,154,VEHICLE
85,8.5,-245.57077026367188,26.618553161621094,2.477166175842285,7.971282005310059,0.00878398958593607,-0.07319927215576172,-0.026180827990174294,0.0012163725603868466,3.705369472503662,1.788678526878357,1.549050211906433,154,VEHICLE
86,8.6,-244.77413940429688,26.619598388671875,2.511186122894287,7.925146102905273,0.010389729402959347,-0.46135902404785156,0.016057398170232773,0.001143424963096456,3.705369472503662,1.788678526878357,1.549050211906433,154,VEHICLE
87,8.7,-243.9820098876953,26.620624542236328,2.545586347579956,7.881654262542725,0.009986123070120811,-0.4349184036254883,-0.004036063328385353,0.0011223330653596512,3.705369472503662,1.788678526878357,1.549050211906433,154,VEHICLE
88,8.8,-243.19232177734375,26.621816635131836,2.5797934532165527,7.871838092803955,0.013623405247926712,-0.09816169738769531,0.036372821778059006,0.001257074452355449,3.705369472503662,1.788678526878357,1.549050211906433,154,VEHICLE
89,8.9,-242.4015350341797,26.622814178466797,2.614380359649658,7.899913787841797,0.00823244359344244,0.28075695037841797,-0.05390961468219757,0.0011953621959509928,3.705369472503662,1.788678526878357,1.549050211906433,154,VEHICLE
90,9.0,-241.60708618164062,26.62401580810547,2.649712562561035,7.942838668823242,0.014048227109014988,0.4292488098144531,0.05815783515572548,0.0012878248603444822,3.705369472503662,1.788678526878357,1.549050211906433,154,VEHICLE
91,9.1,-240.8094482421875,26.62518310546875,2.6853485107421875,7.964028358459473,0.011306332424283028,0.2118968963623047,-0.027418946847319603,0.0013399959000173769,3.705369472503662,1.788678526878357,1.549050211906433,154,VEHICLE
92,9.2,-240.0118865966797,26.62633514404297,2.7210724353790283,7.9491286277771,0.011414788663387299,-0.14899730682373047,0.0010845623910427094,0.001311730112094171,3.705369472503662,1.788678526878357,1.549050211906433,154,VEHICLE
93,9.3,-239.21717834472656,26.627347946166992,2.756669521331787,7.914599418640137,0.008517404086887836,-0.3452920913696289,-0.02897384576499462,0.001175777038817252,3.705369472503662,1.788678526878357,1.549050211906433,154,VEHICLE
94,9.4,-238.42559814453125,26.628358840942383,2.792018175125122,7.888268947601318,0.01004338450729847,-0.2633047103881836,0.015259804204106331,0.0011046620552594047,3.705369472503662,1.788678526878357,1.549050211906433,154,VEHICLE
95,9.5,-237.6351318359375,26.62954330444336,2.827162742614746,7.888675212860107,0.013557990081608295,0.004062652587890625,0.03514605760574341,0.0012458596573412058,3.705369472503662,1.788678526878357,1.549050211906433,154,VEHICLE
96,9.6,-236.84288024902344,26.63047218322754,2.8628196716308594,7.91033935546875,0.006961258128285408,0.21664142608642578,-0.06596732139587402,0.0011345243094278692,3.705369472503662,1.788678526878357,1.549050211906433,154,VEHICLE
97,9.7,-236.0477752685547,26.63155746459961,2.8993372917175293,7.937013149261475,0.012353220954537392,0.2667379379272461,0.053919628262519836,0.0011580427006188186,3.705369472503662,1.788678526878357,1.549050211906433,154,VEHICLE
98,9.8,-235.25083923339844,26.632474899291992,2.93617582321167,7.947209358215332,0.007480439264327288,0.10196208953857422,-0.048727817833423615,0.0010803419199424357,3.705369472503662,1.788678526878357,1.549050211906433,154,VEHICLE
99,9.9,-234.45460510253906,26.63353729248047,2.9734833240509033,7.933831691741943,0.011991445906460285,-0.13377666473388672,0.0451100654900074,0.0011186315575261987,3.705369472503662,1.788678526878357,1.549050211906433,154,VEHICLE
100,10.0,-233.66079711914062,26.634761810302734,3.0114006996154785,7.910933494567871,0.013797147199511528,-0.22898197174072266,0.01805701293051243,0.0013038519406351203,3.705369472503662,1.788678526878357,1.549050211906433,154,VEHICLE
101,10.1,-232.8689422607422,26.635786056518555,3.0492305755615234,7.895975589752197,0.008590872399508953,-0.14957904815673828,-0.0520627498626709,0.0012327377373002484,3.705369472503662,1.788678526878357,1.549050211906433,154,VEHICLE
102,10.2,-232.07749938964844,26.636686325073242,3.0868704319000244,7.899281978607178,0.007650890853255987,0.03306388854980469,-0.00939981546252966,0.001047617677862274,3.705369472503662,1.788678526878357,1.549050211906433,154,VEHICLE
103,10.3,-231.2847442626953,26.63759994506836,3.1244447231292725,7.916892051696777,0.009074981324374676,0.1761007308959961,0.014240904711186886,0.0009879549371775804,3.705369472503662,1.788678526878357,1.549050211906433,154,VEHICLE
104,10.4,-230.49009704589844,26.638492584228516,3.16208815574646,7.933929443359375,0.00874872412532568,0.17037391662597656,-0.0032625719904899597,0.0009768917004763491,3.705369472503662,1.788678526878357,1.549050211906433,154,VEHICLE
105,10.5,-229.69451904296875,26.639366149902344,3.199834108352661,7.937077045440674,0.008600565604865551,0.03147602081298828,-0.0014815852046012878,0.0009588582768039321,3.705369472503662,1.788678526878357,1.549050211906433,154,VEHICLE
106,10.6,-228.89952087402344,26.64023208618164,3.2380361557006836,7.922645092010498,0.00846761092543602,-0.1443195343017578,-0.001329546794295311,0.0009367800471887948,3.705369472503662,1.788678526878357,1.549050211906433,154,VEHICLE
107,10.7,-228.10598754882812,26.641273498535156,3.2769615650177,7.90504264831543,0.01217218954116106,-0.1760244369506836,0.037045784294605255,0.001072790206780096,3.705369472503662,1.788678526878357,1.549050211906433,154,VEHICLE
108,10.8,-227.31358337402344,26.642396926879883,3.3159587383270264,7.898294448852539,0.012286468409001827,-0.06748199462890625,0.001142788678407669,0.0012292429885553326,3.705369472503662,1.788678526878357,1.549050211906433,154,VEHICLE
109,10.9,-226.52117919921875,26.643617630004883,3.3551714420318604,7.905581951141357,0.013391095213592052,0.0728750228881836,0.011046268045902252,0.001361715227063734,3.705369472503662,1.788678526878357,1.549050211906433,154,VEHICLE
110,11.0,-225.7278289794922,26.64461326599121,3.395169496536255,7.92098331451416,0.007786264643073082,0.15401363372802734,-0.056048303842544556,0.0012259456362232457,3.705369472503662,1.788678526878357,1.549050211906433,154,VEHICLE
111,11.1,-224.93325805664062,26.645633697509766,3.4353764057159424,7.9310197830200195,0.010302146896719933,0.10036468505859375,0.025158822536468506,0.0011352270302545679,3.705369472503662,1.788678526878357,1.549050211906433,154,VEHICLE
112,11.2,-224.13841247558594,26.646791458129883,3.4755852222442627,7.928257942199707,0.012686727568507195,-0.027618408203125,0.02384580671787262,0.0012331546364435489,3.705369472503662,1.788678526878357,1.549050211906433,154,VEHICLE
113,11.3,-223.34442138671875,26.647891998291016,3.515712261199951,7.916295528411865,0.010780165903270245,-0.11962413787841797,-0.0190656166523695,0.0012602529507209183,3.705369472503662,1.788678526878357,1.549050211906433,154,VEHICLE
114,11.4,-222.55169677734375,26.648977279663086,3.555718421936035,7.905247211456299,0.010783226229250431,-0.11048316955566406,3.0603259801864624e-05,0.001234258651954036,3.705369472503662,1.788678526878357,1.549050211906433,154,VEHICLE
115,11.5,-221.759521484375,26.650060653686523,3.5956239700317383,7.90342378616333,0.010626244358718395,-0.0182342529296875,-0.0015698187053203583,0.0012133962698092228,3.705369472503662,1.788678526878357,1.549050211906433,154,VEHICLE
116,11.6,-220.96685791015625,26.651123046875,3.635657548904419,7.910155296325684,0.010461078956723213,0.06731510162353516,-0.0016516540199518204,0.0011943981004274651,3.705369472503662,1.788678526878357,1.549050211906433,154,VEHICLE
117,11.7,-220.173095703125,26.652408599853516,3.676166296005249,7.919830799102783,0.015115049667656422,0.0967550277709961,0.046539708971977234,0.0013705226440867352,3.705369472503662,1.788678526878357,1.549050211906433,154,VEHICLE
118,11.8,-219.37860107421875,26.653636932373047,3.716864824295044,7.925095081329346,0.011957412585616112,0.052642822265625,-0.03157637268304825,0.001432620460678305,3.705369472503662,1.788678526878357,1.549050211906433,154,VEHICLE
119,11.9,-218.58413696289062,26.65471649169922,3.7576937675476074,7.921757221221924,0.009351180866360664,-0.03337860107421875,-0.026062317192554474,0.0012918841004122515,3.705369472503662,1.788678526878357,1.549050211906433,154,VEHICLE
120,12.0,-217.79055786132812,26.65581703186035,3.7989044189453125,7.9137282371521,0.010942984372377396,-0.08028984069824219,0.015918035060167313,0.001222854132719557,3.705369472503662,1.788678526878357,1.549050211906433,154,VEHICLE
121,12.1,-216.99777221679688,26.656898498535156,3.8401401042938232,7.907328128814697,0.010607270523905754,-0.06400108337402344,-0.0033571384847164154,0.0012074674854547316,3.705369472503662,1.788678526878357,1.549050211906433,154,VEHICLE
122,12.2,-216.20530700683594,26.657958984375,3.8812947273254395,7.907199382781982,0.010434214025735855,-0.0012874603271484375,-0.0017305649816989899,0.0011891806193524042,3.705369472503662,1.788678526878357,1.549050211906433,154,VEHICLE
123,12.3,-215.4124298095703,26.65899658203125,3.9224047660827637,7.912867069244385,0.010274226777255535,0.05667686462402344,-0.0015998724848031998,0.0011709083174122883,3.705369472503662,1.788678526878357,1.549050211906433,154,VEHICLE
124,12.4,-214.61886596679688,26.66002655029297,3.9635274410247803,7.919436454772949,0.010126479901373386,0.06569385528564453,-0.0014774687588214874,0.0011526159897491317,3.705369472503662,1.788678526878357,1.549050211906433,154,VEHICLE
125,12.5,-213.8248748779297,26.66103744506836,4.004687309265137,7.921705722808838,0.009980946779251099,0.02269268035888672,-0.0014553312212228775,0.0011337534491279674,3.705369472503662,1.788678526878357,1.549050211906433,154,VEHICLE
126,12.6,-213.031005859375,26.66203498840332,4.045863151550293,7.918365478515625,0.00983430165797472,-0.033402442932128906,-0.0014664512127637863,0.0011140838978756981,3.705369472503662,1.788678526878357,1.549050211906433,154,VEHICLE
127,12.7,-212.2376708984375,26.663158416748047,4.0870184898376465,7.91256856918335,0.012431717477738857,-0.057969093322753906,0.025974158197641373,0.0012053473595556763,3.705369472503662,1.788678526878357,1.549050211906433,154,VEHICLE
128,12.8,-211.4447784423828,26.664236068725586,4.1281328201293945,7.909014701843262,0.010537958703935146,-0.035538673400878906,-0.01893758773803711,0.0012319696077807613,3.705369472503662,1.788678526878357,1.549050211906433,154,VEHICLE
129,12.9,-210.6520233154297,26.665294647216797,4.169219493865967,7.910209655761719,0.010551494546234608,0.011949539184570312,0.00013535842299461365,0.0012074380970559836,3.705369472503662,1.788678526878357,1.549050211906433,154,VEHICLE
130,13.0,-209.85890197753906,26.66635513305664,4.210310459136963,7.9147868156433105,0.010409620590507984,0.04577159881591797,-0.0014187395572662354,0.0011875727098368362,3.705369472503662,1.788678526878357,1.549050211906433,154,VEHICLE
131,13.1,-209.0653076171875,26.66753387451172,4.251434326171875,7.918880939483643,0.013017292134463787,0.04094123840332031,0.02607671543955803,0.0012802140452917402,3.705369472503662,1.788678526878357,1.549050211906433,154,VEHICLE
132,13.2,-208.27145385742188,26.66867446899414,4.2925872802734375,7.919375896453857,0.011137504130601883,0.0049495697021484375,-0.01879788003861904,0.0013072911635116054,3.705369472503662,1.788678526878357,1.549050211906433,154,VEHICLE
133,13.3,-207.4778289794922,26.66980743408203,4.333747863769531,7.916234493255615,0.01115430612117052,-0.031414031982421875,0.00016801990568637848,0.0012821491283084134,3.705369472503662,1.788678526878357,1.549050211906433,154,VEHICLE
134,13.4,-206.68460083007812,26.67091941833496,4.3748884201049805,7.912258148193359,0.011006143875420094,-0.039763450622558594,-0.0014816224575042725,0.0012611270605279257,3.705369472503662,1.788678526878357,1.549050211906433,154,VEHICLE
135,13.5,-205.89166259765625,26.67202377319336,4.415998935699463,7.910579204559326,0.010849736630916595,-0.01678943634033203,-0.0015640724450349808,0.0012413971720322092,3.705369472503662,1.788678526878357,1.549050211906433,154,VEHICLE
136,13.6,-205.09866333007812,26.673107147216797,4.457094669342041,7.912261009216309,0.010689850896596909,0.01681804656982422,-0.001598857343196869,0.0012222416576837037,3.705369472503662,1.788678526878357,1.549050211906433,154,VEHICLE
137,13.7,-204.30538940429688,26.674177169799805,4.498201370239258,7.915699481964111,0.010537291876971722,0.034384727478027344,-0.0015255901962518692,0.0012034062948295232,3.705369472503662,1.788678526878357,1.549050211906433,154,VEHICLE
138,13.8,-203.51181030273438,26.675235748291016,4.539331436157227,7.918060302734375,0.010387703776359558,0.02360820770263672,-0.0014958810061216354,0.0011845047430595786,3.705369472503662,1.788678526878357,1.549050211906433,154,VEHICLE
139,13.9,-202.71815490722656,26.676271438598633,4.580480098724365,7.917623519897461,0.010236801579594612,-0.004367828369140625,-0.0015090219676494598,0.001165148191257691,3.705369472503662,1.788678526878357,1.549050211906433,154,VEHICLE
140,14.0,-201.92469787597656,26.677297592163086,4.621627330780029,7.915003299713135,0.010085416957736015,-0.02620220184326172,-0.001513846218585968,0.0011455822796240152,3.705369472503662,1.788678526878357,1.549050211906433,154,VEHICLE
141,14.1,-201.1315460205078,26.678306579589844,4.662756443023682,7.912439823150635,0.009929842315614223,-0.025634765625,-0.0015557464212179184,0.001125958371415819,3.705369472503662,1.788678526878357,1.549050211906433,154,VEHICLE
142,14.2,-200.33847045898438,26.679298400878906,4.7038679122924805,7.911893844604492,0.009775262326002121,-0.005459785461425781,-0.001545799896121025,0.0011066651477121185,3.705369472503662,1.788678526878357,1.549050211906433,154,VEHICLE
143,14.3,-199.5453338623047,26.68027687072754,4.7449750900268555,7.91359281539917,0.009618601761758327,0.016989707946777344,-0.0015666056424379349,0.0010877301113728039,3.705369472503662,1.788678526878357,1.549050211906433,154,VEHICLE
144,14.4,-198.751953125,26.68124008178711,4.786091327667236,7.916016101837158,0.00946707371622324,0.024232864379882812,-0.0015152804553508759,0.0010686795370145178,3.705369472503662,1.788678526878357,1.549050211906433,154,VEHICLE
145,14.5,-197.9584197998047,26.68218421936035,4.827223777770996,7.917212963104248,0.009318472817540169,0.011968612670898438,-0.0014860089868307114,0.0010494861818516952,3.705369472503662,1.788678526878357,1.549050211906433,154,VEHICLE
146,14.6,-197.1648712158203,26.68311882019043,4.868369102478027,7.916383266448975,0.009164390154182911,-0.008296966552734375,-0.0015408266335725784,0.001030127939566694,3.705369472503662,1.788678526878357,1.549050211906433,154,VEHICLE
147,14.7,-196.3715057373047,26.684032440185547,4.909508228302002,7.914368152618408,0.009010904468595982,-0.020151138305664062,-0.0015348568558692932,0.001010481795003693,3.705369472503662,1.788678526878357,1.549050211906433,154,VEHICLE
148,14.8,-195.5782928466797,26.684932708740234,4.950633525848389,7.912833213806152,0.008852215483784676,-0.015349388122558594,-0.00158688984811306,0.0009909687434766145,3.705369472503662,1.788678526878357,1.549050211906433,154,VEHICLE
149,14.9,-194.7852325439453,26.685821533203125,4.9917449951171875,7.9129228591918945,0.008699274621903896,0.000896453857421875,-0.0015294086188077927,0.0009717166765348775,3.705369472503662,1.788678526878357,1.549050211906433,154,VEHICLE
0,0.0,-280.0682067871094,30.07149887084961,1.5259761810302734,6.149517162157281e-08,8.24589771464268e-11,5.470966470966232e-07,7.336027341153795e-10,0.0013409012187434086,4.673638820648193,1.8118125200271606,1.441947340965271,155,VEHICLE
1,0.1,-280.06744384765625,30.07149887084961,1.280476689338684,0.07146649062633514,9.994435822591186e-05,0.7146643400192261,0.0009994427673518658,0.0013428195269661063,4.673638820648193,1.8118125200271606,1.441947340965271,155,VEHICLE
2,0.2,-280.06439208984375,30.07149887084961,1.178539752960205,0.00803704746067524,6.22725929133594e-06,-0.6342944502830505,-0.0009371709893457592,0.001343565940279439,4.673638820648193,1.8118125200271606,1.441947340965271,155,VEHICLE
3,0.3,-280.0644836425781,30.07149887084961,1.1827991008758545,-0.005280237644910812,-1.76731264218688e-05,-0.13317285478115082,-0.00023900385713204741,0.0013442288697343816,4.673638820648193,1.8118125200271606,1.441947340965271,155,VEHICLE
4,0.4,-280.0650939941406,30.07149887084961,1.2020424604415894,-0.005440047942101955,-3.886208560288651e-06,-0.0015981029719114304,0.0001378691813442856,0.0013448942698954137,4.673638820648193,1.8118125200271606,1.441947340965271,155,VEHICLE
5,0.5,-280.0559387207031,30.071523666381836,1.216878056526184,0.4258654713630676,0.0006421624566428363,4.313055038452148,0.00646048691123724,0.001475504506272524,4.673638820648193,1.8118125200271606,1.441947340965271,155,VEHICLE
6,0.6,-279.97247314453125,30.07166862487793,1.227949619293213,1.07077157497406,0.0012193850707262754,6.449060916900635,0.005772226024419069,0.0016801198021463004,4.673638820648193,1.8118125200271606,1.441947340965271,155,VEHICLE
7,0.7,-279.8336181640625,30.071918487548828,1.2365254163742065,1.5773998498916626,0.0024899484124034643,5.066282749176025,0.012705633416771889,0.0018315541897424188,4.673638820648193,1.8118125200271606,1.441947340965271,155,VEHICLE
8,0.8,-279.6543884277344,30.072277069091797,1.2440154552459717,2.008707284927368,0.004606467206031084,4.313074111938477,0.021165188401937485,0.0021647430799526407,4.673638820648193,1.8118125200271606,1.441947340965271,155,VEHICLE
9,0.9,-279.4305419921875,30.072702407836914,1.2517024278640747,2.4532470703125,0.004368211608380079,4.445397853851318,-0.002382555976510048,0.002507804651621895,4.673638820648193,1.8118125200271606,1.441947340965271,155,VEHICLE
10,1.0,-279.1606140136719,30.07316780090332,1.2602159976959229,2.89635968208313,0.005123002454638481,4.431126117706299,0.007547908462584019,0.0024631517105048076,4.673638820648193,1.8118125200271606,1.441947340965271,155,VEHICLE
11,1.1,-278.8404846191406,30.07371711730957,1.269987940788269,3.4791250228881836,0.0059709022752940655,5.827653408050537,0.008478998206555843,0.002353970948338616,4.673638820648193,1.8118125200271606,1.441947340965271,155,VEHICLE
12,1.2,-278.4587707519531,30.07432746887207,1.2814871072769165,4.078309535980225,0.006458672229200602,5.99184513092041,0.004877699539065361,0.002173012013085309,4.673638820648193,1.8118125200271606,1.441947340965271,155,VEHICLE
13,1.3,-278.0203552246094,30.075057983398438,1.2946215867996216,4.629014015197754,0.007760707754641771,5.507044792175293,0.013020355254411697,0.00203658209353313,4.673638820648193,1.8118125200271606,1.441947340965271,155,VEHICLE
14,1.4,-277.528076171875,30.075817108154297,1.3100016117095947,5.158532619476318,0.007684790529310703,5.2951860427856445,-0.0007591722533106804,0.0018807917210641855,4.673638820648193,1.8118125200271606,1.441947340965271,155,VEHICLE
15,1.5,-276.99786376953125,30.07652473449707,1.3266830444335938,5.290609836578369,0.006722141522914171,1.3207721710205078,-0.00962649006396532,0.0016782656022447653,4.673638820648193,1.8118125200271606,1.441947340965271,155,VEHICLE
16,1.6,-276.4628601074219,30.077245712280273,1.3433151245117188,5.399467468261719,0.007339750416576862,1.088576316833496,0.006176088936626911,0.0015633036479036347,4.673638820648193,1.8118125200271606,1.441947340965271,155,VEHICLE
17,1.7,-275.9230041503906,30.077960968017578,1.3600670099258423,5.367183208465576,0.0070465258322656155,-0.3228425979614258,-0.0029322458431124687,0.0014463544656436278,4.673638820648193,1.8118125200271606,1.441947340965271,155,VEHICLE
18,1.8,-275.33984375,30.078805923461914,1.3783457279205322,6.383264541625977,0.009602048434317112,10.160813331604004,0.02555522695183754,0.001490313658498236,4.673638820648193,1.8118125200271606,1.441947340965271,155,VEHICLE
19,1.9,-274.6494445800781,30.07961654663086,1.4005287885665894,7.255406856536865,0.007610674481838942,8.721423149108887,-0.01991374045610428,0.0013979169229461855,4.673638820648193,1.8118125200271606,1.441947340965271,155,VEHICLE
20,2.0,-273.8967590332031,30.080596923828125,1.4252450466156006,7.682258129119873,0.010835586115717888,4.268512725830078,0.03224911540746689,0.001451421493721559,4.673638820648193,1.8118125200271606,1.441947340965271,155,VEHICLE
21,2.1,-273.10736083984375,30.081605911254883,1.451188325881958,8.073067665100098,0.009781180880963802,3.908095359802246,-0.010544052347540855,0.0013781130433049489,4.673638820648193,1.8118125200271606,1.441947340965271,155,VEHICLE
22,2.2,-272.2796630859375,30.0825138092041,1.4783560037612915,8.396245002746582,0.008737285621464252,3.2317733764648438,-0.010438952594995499,0.0012239953388585478,4.673638820648193,1.8118125200271606,1.441947340965271,155,VEHICLE
23,2.3,-271.4375,30.083498001098633,1.505908727645874,8.391688346862793,0.010230699554085732,-0.045566558837890625,0.01493413932621479,0.001189823913195794,4.673638820648193,1.8118125200271606,1.441947340965271,155,VEHICLE
24,2.4,-270.6097717285156,30.084495544433594,1.5329432487487793,8.166971206665039,0.009806853719055653,-2.247171401977539,-0.004238458350300789,0.0011918302565775728,4.673638820648193,1.8118125200271606,1.441947340965271,155,VEHICLE
25,2.5,-269.80780029296875,30.085451126098633,1.5592174530029297,7.90749979019165,0.00938198622316122,-2.5947141647338867,-0.004248674958944321,0.0011716908810568243,4.673638820648193,1.8118125200271606,1.441947340965271,155,VEHICLE
26,2.6,-269.0272521972656,30.086366653442383,1.5856738090515137,7.734434127807617,0.009020203724503517,-1.730656623840332,-0.003617824986577034,0.001152381532744961,4.673638820648193,1.8118125200271606,1.441947340965271,155,VEHICLE
27,2.7,-268.2527160644531,30.087430953979492,1.6122405529022217,7.769845008850098,0.011525062844157219,0.3541088104248047,0.025048591196537018,0.001286404074305898,4.673638820648193,1.8118125200271606,1.441947340965271,155,VEHICLE
28,2.8,-267.4624938964844,30.0886287689209,1.6393582820892334,8.004515647888184,0.012370414100587368,2.3467063903808594,0.00845351256430149,0.0014587213899185207,4.673638820648193,1.8118125200271606,1.441947340965271,155,VEHICLE
29,2.9,-266.6462707519531,30.089712142944336,1.6677240133285522,8.245558738708496,0.01009914930909872,2.410430908203125,-0.022712647914886475,0.001407556837884162,4.673638820648193,1.8118125200271606,1.441947340965271,155,VEHICLE
30,3.0,-265.8162841796875,30.0906925201416,1.697432041168213,8.297216415405273,0.009583917446434498,0.5165767669677734,-0.005152318626642227,0.0012708866096554953,4.673638820648193,1.8118125200271606,1.441947340965271,155,VEHICLE
31,3.1,-264.9933166503906,30.09170913696289,1.7269506454467773,8.149145126342773,0.010299792513251305,-1.480712890625,0.007158750668168068,0.0012308834073615508,4.673638820648193,1.8118125200271606,1.441947340965271,155,VEHICLE
32,3.2,-264.1903381347656,30.092708587646484,1.7556910514831543,7.933505535125732,0.009818687103688717,-2.15639591217041,-0.004811054095625877,0.0012222780680892322,4.673638820648193,1.8118125200271606,1.441947340965271,155,VEHICLE
33,3.3,-263.4056701660156,30.093673706054688,1.7837481498718262,7.789165019989014,0.0095025934278965,-1.4434051513671875,-0.0031609367579221725,0.0012081357464333406,4.673638820648193,1.8118125200271606,1.441947340965271,155,VEHICLE
34,3.4,-262.62603759765625,30.09462547302246,1.8116347789764404,7.819706439971924,0.009455416351556778,0.30541419982910156,-0.0004717707633972168,0.0012058751803986757,4.673638820648193,1.8118125200271606,1.441947340965271,155,VEHICLE
35,3.5,-261.8334655761719,30.095714569091797,1.84002685546875,8.010568618774414,0.011631947942078114,1.9086217880249023,0.021765315905213356,0.0013246138040532425,4.673638820648193,1.8118125200271606,1.441947340965271,155,VEHICLE
36,3.6,-261.0201416015625,30.09682846069336,1.8699990510940552,8.195061683654785,0.011002589017152786,1.844930648803711,-0.006293589249253273,0.0013864876966508124,4.673638820648193,1.8118125200271606,1.441947340965271,155,VEHICLE
37,3.7,-260.1960144042969,30.097951889038086,1.9006484746932983,8.230762481689453,0.01134455855935812,0.3570079803466797,0.003419695422053337,0.0013947994120099767,4.673638820648193,1.8118125200271606,1.441947340965271,155,VEHICLE
38,3.8,-259.37774658203125,30.09908676147461,1.9310308694839478,8.113753318786621,0.011279723607003689,-1.1700916290283203,-0.0006483495235443115,0.0013932626328223517,4.673638820648193,1.8118125200271606,1.441947340965271,155,VEHICLE
39,3.9,-258.57525634765625,30.100202560424805,1.9612497091293335,7.946315288543701,0.011032731272280216,-1.6743803024291992,-0.002469923347234726,0.0013821647412172872,4.673638820648193,1.8118125200271606,1.441947340965271,155,VEHICLE
40,4.0,-257.78680419921875,30.10129165649414,1.9918054342269897,7.844590187072754,0.01082105003297329,-1.0172510147094727,-0.0021168123930692673,0.001371951752503726,4.673638820648193,1.8118125200271606,1.441947340965271,155,VEHICLE
41,4.1,-257.0008850097656,30.102365493774414,2.022376298904419,7.881354808807373,0.010832088999450207,0.3676462173461914,0.00011038966476917267,0.0013725116925258883,4.673638820648193,1.8118125200271606,1.441947340965271,155,VEHICLE
42,4.2,-256.2044372558594,30.103458404541016,2.0533077716827393,8.024252891540527,0.01106998510658741,1.428980827331543,0.002378961071372032,0.001386531519174609,4.673638820648193,1.8118125200271606,1.441947340965271,155,VEHICLE
43,4.3,-255.39344787597656,30.10458755493164,2.0847322940826416,8.151284217834473,0.011359774507582188,1.2703132629394531,0.002897894009947777,0.0014053471163800741,4.673638820648193,1.8118125200271606,1.441947340965271,155,VEHICLE
44,4.4,-254.57589721679688,30.105735778808594,2.1163430213928223,8.164337158203125,0.01149605680257082,0.13052940368652344,0.001362822949886322,0.0014172994821805933,4.673638820648193,1.8118125200271606,1.441947340965271,155,VEHICLE
45,4.5,-253.76345825195312,30.106884002685547,2.1477622985839844,8.073979377746582,0.011433918960392475,-0.9035778045654297,-0.0006213784217834473,0.0014176773701751134,4.673638820648193,1.8118125200271606,1.441947340965271,155,VEHICLE
46,4.6,-252.96206665039062,30.10801887512207,2.1796045303344727,7.95627498626709,0.011256558820605278,-1.1770439147949219,-0.0017736013978719711,0.001411081625213639,4.673638820648193,1.8118125200271606,1.441947340965271,155,VEHICLE
47,4.7,-252.16952514648438,30.109140396118164,2.2114148139953613,7.897415637969971,0.011134790256619453,-0.5885934829711914,-0.0012176856398582458,0.0014062967777785532,4.673638820648193,1.8118125200271606,1.441947340965271,155,VEHICLE
48,4.8,-251.3772430419922,30.110136032104492,2.243217945098877,7.93774938583374,0.009333278983831406,0.4033374786376953,-0.018015112727880478,0.0013098630385135384,4.673638820648193,1.8118125200271606,1.441947340965271,155,VEHICLE
49,4.9,-250.57717895507812,30.111148834228516,2.2757134437561035,8.034958839416504,0.010492623783648014,0.9720945358276367,0.011593447998166084,0.0012831423521563639,4.673638820648193,1.8118125200271606,1.441947340965271,155,VEHICLE
50,5.0,-249.76829528808594,30.112199783325195,2.3094429969787598,8.10955810546875,0.01053867768496275,0.7459926605224609,0.0004605390131473541,0.001304220465953933,4.673638820648193,1.8118125200271606,1.441947340965271,155,VEHICLE
51,5.1,-248.956298828125,30.113250732421875,2.3433797359466553,8.106135368347168,0.010600068606436253,-0.03422737121582031,0.0006139092147350311,0.0013142346278458765,4.673638820648193,1.8118125200271606,1.441947340965271,155,VEHICLE
52,5.2,-248.14852905273438,30.11443328857422,2.3770644664764404,8.041407585144043,0.012402067892253399,-0.64727783203125,0.018019992858171463,0.0014156113397357003,4.673638820648193,1.8118125200271606,1.441947340965271,155,VEHICLE
53,5.3,-247.3480224609375,30.115480422973633,2.4103922843933105,7.970615863800049,0.009535291232168674,-0.7079172134399414,-0.028667766600847244,0.0013553844978396413,4.673638820648193,1.8118125200271606,1.441947340965271,155,VEHICLE
54,5.4,-246.55235290527344,30.11638641357422,2.443498373031616,7.944774627685547,0.00876033864915371,-0.25841236114501953,-0.007749525830149651,0.0012092279285620309,4.673638820648193,1.8118125200271606,1.441947340965271,155,VEHICLE
55,5.5,-245.75572204589844,30.117326736450195,2.4766757488250732,7.979839324951172,0.009665358811616898,0.35064697265625,0.009050201624631882,0.0011802708630824356,4.673638820648193,1.8118125200271606,1.441947340965271,155,VEHICLE
56,5.6,-244.95361328125,30.118412017822266,2.510923385620117,8.036487579345703,0.011501253582537174,0.5664825439453125,0.018358947709202766,0.0012998934793683671,4.673638820648193,1.8118125200271606,1.441947340965271,155,VEHICLE
57,5.7,-244.14651489257812,30.119503021240234,2.545694589614868,8.07303524017334,0.010623132809996605,0.3654766082763672,-0.008781207725405693,0.0013518658222568065,4.673638820648193,1.8118125200271606,1.441947340965271,155,VEHICLE
58,5.8,-243.3383026123047,30.12057876586914,2.5804824829101562,8.063937187194824,0.010821888223290443,-0.09098052978515625,0.001987554132938385,0.0013519141960812945,4.673638820648193,1.8118125200271606,1.441947340965271,155,VEHICLE
59,5.9,-242.53334045410156,30.121652603149414,2.6155049800872803,8.021039009094238,0.010827844962477684,-0.4289817810058594,5.9567391872406006e-05,0.0013530667154534317,4.673638820648193,1.8118125200271606,1.441947340965271,155,VEHICLE
60,6.0,-241.73292541503906,30.122726440429688,2.6512134075164795,7.983676433563232,0.010797807946801186,-0.3736257553100586,-0.00030037015676498413,0.001353422627167472,4.673638820648193,1.8118125200271606,1.441947340965271,155,VEHICLE
61,6.1,-240.9346160888672,30.123979568481445,2.686934232711792,7.977537155151367,0.01341339573264122,-0.061392784118652344,0.026155877858400345,0.001497492750171141,4.673638820648193,1.8118125200271606,1.441947340965271,155,VEHICLE
62,6.2,-240.135009765625,30.12523078918457,2.7226555347442627,8.002601623535156,0.012122566811740398,0.2506446838378906,-0.012908289209008217,0.0015596259368709385,4.673638820648193,1.8118125200271606,1.441947340965271,155,VEHICLE
63,6.3,-239.3321990966797,30.126249313354492,2.7584619522094727,8.035429954528809,0.009202784858644009,0.32828330993652344,-0.029197819530963898,0.001383385660136953,4.673638820648193,1.8118125200271606,1.441947340965271,155,VEHICLE
64,6.4,-238.52700805664062,30.12729263305664,2.794332265853882,8.050013542175293,0.010986908338963985,0.14583587646484375,0.017841234803199768,0.0013192326061904661,4.673638820648193,1.8118125200271606,1.441947340965271,155,VEHICLE
65,6.5,-237.72181701660156,30.128376007080078,2.8302080631256104,8.039215087890625,0.010773884132504463,-0.10798454284667969,-0.0021302420645952225,0.0013355590320294128,4.673638820648193,1.8118125200271606,1.441947340965271,155,VEHICLE
66,6.6,-236.91864013671875,30.129451751708984,2.866833209991455,8.010257720947266,0.010729493573307991,-0.28957366943359375,-0.0004439055919647217,0.0013411300841495873,4.673638820648193,1.8118125200271606,1.441947340965271,155,VEHICLE
67,6.7,-236.11781311035156,30.13052749633789,2.903676986694336,7.9920172691345215,0.01072479598224163,-0.1824045181274414,-4.6975910663604736e-05,0.0013443310789441865,4.673638820648193,1.8118125200271606,1.441947340965271,155,VEHICLE
68,6.8,-235.317626953125,30.131427764892578,2.940481185913086,7.995034694671631,0.008142766542732716,0.03017425537109375,-0.02582029439508915,0.0012070303005140652,4.673638820648193,1.8118125200271606,1.441947340965271,155,VEHICLE
69,6.9,-234.51634216308594,30.132343292236328,2.9776909351348877,8.011176109313965,0.00956224836409092,0.16141414642333984,0.014194818213582039,0.0011570623504499656,4.673638820648193,1.8118125200271606,1.441947340965271,155,VEHICLE
70,7.0,-233.71356201171875,30.133296966552734,3.0158681869506836,8.02899169921875,0.009431176818907261,0.17815589904785156,-0.001310715451836586,0.0011736809697932779,4.673638820648193,1.8118125200271606,1.441947340965271,155,VEHICLE
71,7.1,-232.90960693359375,30.13425064086914,3.0541980266571045,8.0341796875,0.00945751741528511,0.0518798828125,0.0002634059637784958,0.0011822746057209624,4.673638820648193,1.8118125200271606,1.441947340965271,155,VEHICLE
72,7.2,-232.10604858398438,30.135202407836914,3.0924453735351562,8.024541854858398,0.009492984041571617,-0.09637832641601562,0.00035466626286506653,0.0011879061251217466,4.673638820648193,1.8118125200271606,1.441947340965271,155,VEHICLE
73,7.3,-231.3038787841797,30.13615608215332,3.130566358566284,8.009466171264648,0.009513300843536854,-0.1507568359375,0.00020316801965236664,0.0011919402680171337,4.673638820648193,1.8118125200271606,1.441947340965271,155,VEHICLE
74,7.4,-230.50296020507812,30.137107849121094,3.168596029281616,8.000924110412598,0.009538965299725533,-0.08542060852050781,0.0002566445618867874,0.0011961050982609355,4.673638820648193,1.8118125200271606,1.441947340965271,155,VEHICLE
75,7.5,-229.7021484375,30.1380615234375,3.206627368927002,8.005353927612305,0.009580571204423904,0.04429817199707031,0.00041605904698371887,0.0012012501486364274,4.673638820648193,1.8118125200271606,1.441947340965271,155,VEHICLE
76,7.6,-228.900390625,30.139198303222656,3.245534896850586,8.01179027557373,0.012272554449737072,0.06436347961425781,0.026919832453131676,0.0013505999104788807,4.673638820648193,1.8118125200271606,1.441947340965271,155,VEHICLE
77,7.7,-228.0976104736328,30.14033317565918,3.2848281860351562,8.020562171936035,0.010971102863550186,0.08771896362304688,-0.013014515861868858,0.0014143445176976364,4.673638820648193,1.8118125200271606,1.441947340965271,155,VEHICLE
78,7.8,-227.2943115234375,30.14145278930664,3.324131488800049,8.02327823638916,0.011233735829591751,0.02716064453125,0.0026263296604156494,0.001411262376869655,4.673638820648193,1.8118125200271606,1.441947340965271,155,VEHICLE
79,7.9,-226.49143981933594,30.142574310302734,3.363762378692627,8.016060829162598,0.011305146850645542,-0.072174072265625,0.0007141102105379105,0.001414802118472831,4.673638820648193,1.8118125200271606,1.441947340965271,155,VEHICLE
80,8.0,-225.68972778320312,30.143699645996094,3.404228687286377,8.008326530456543,0.01134455855935812,-0.07734298706054688,0.0003941170871257782,0.0014192790379068763,4.673638820648193,1.8118125200271606,1.441947340965271,155,VEHICLE
81,8.1,-224.8885040283203,30.144845962524414,3.444777727127075,8.005261421203613,0.011379403993487358,-0.030651092529296875,0.0003484543412923813,0.0014244143354951732,4.673638820648193,1.8118125200271606,1.441947340965271,155,VEHICLE
82,8.2,-224.0872802734375,30.145992279052734,3.4852700233459473,8.008079528808594,0.01142690796405077,0.028181076049804688,0.0004750397056341171,0.0014301264779367703,4.673638820648193,1.8118125200271606,1.441947340965271,155,VEHICLE
83,8.3,-223.2855682373047,30.147140502929688,3.525728464126587,8.01371955871582,0.011481715366244316,0.056400299072265625,0.000548074021935463,0.0014363382231570828,4.673638820648193,1.8118125200271606,1.441947340965271,155,VEHICLE
84,8.4,-222.4833221435547,30.148170471191406,3.566176414489746,8.01747989654541,0.009676496498286724,0.03760337829589844,-0.01805218867957592,0.0013418217518174648,4.673638820648193,1.8118125200271606,1.441947340965271,155,VEHICLE
85,8.5,-221.68096923828125,30.14920997619629,3.6066222190856934,8.017534255981445,0.010689105838537216,0.0005435943603515625,0.010126093402504921,0.0013074732155392474,4.673638820648193,1.8118125200271606,1.441947340965271,155,VEHICLE
86,8.6,-220.87884521484375,30.15044403076172,3.647463083267212,8.011432647705078,0.013209890574216843,-0.061016082763671875,0.025207847356796265,0.001462183759409949,4.673638820648193,1.8118125200271606,1.441947340965271,155,VEHICLE
87,8.7,-220.0771484375,30.151674270629883,3.6884496212005615,8.007397651672363,0.011863406747579575,-0.04034996032714844,-0.01346483826637268,0.0015259506029835091,4.673638820648193,1.8118125200271606,1.441947340965271,155,VEHICLE
88,8.8,-219.27557373046875,30.152753829956055,3.729421854019165,8.007376670837402,0.010256345383822918,-0.000209808349609375,-0.016070613637566566,0.0014222026634336466,4.673638820648193,1.8118125200271606,1.441947340965271,155,VEHICLE
89,8.9,-218.47401428222656,30.15372657775879,3.770561695098877,8.009404182434082,0.009442430920898914,0.020275115966796875,-0.008139144629240036,0.0012856576609925653,4.673638820648193,1.8118125200271606,1.441947340965271,155,VEHICLE
90,9.0,-217.67225646972656,30.15472984313965,3.8121631145477295,8.012922286987305,0.010317973792552948,0.03518104553222656,0.008755428716540337,0.0012580267144971802,4.673638820648193,1.8118125200271606,1.441947340965271,155,VEHICLE
91,9.1,-216.87025451660156,30.155757904052734,3.853835105895996,8.014721870422363,0.01019859779626131,0.017995834350585938,-0.0011937599629163742,0.0012719679986996897,4.673638820648193,1.8118125200271606,1.441947340965271,155,VEHICLE
92,9.2,-216.0681915283203,30.156784057617188,3.895479440689087,8.013538360595703,0.010221551172435284,-0.011835098266601562,0.00022953376173973083,0.0012794032635829197,4.673638820648193,1.8118125200271606,1.441947340965271,155,VEHICLE
93,9.3,-215.26641845703125,30.15781021118164,3.9370808601379395,8.010729789733887,0.010259512811899185,-0.028085708618164062,0.0003796163946390152,0.0012854628653229882,4.673638820648193,1.8118125200271606,1.441947340965271,155,VEHICLE
94,9.4,-214.46485900878906,30.158836364746094,3.9786508083343506,8.008560180664062,0.01029978971928358,-0.021696090698242188,0.000402769073843956,0.0012911517311124797,4.673638820648193,1.8118125200271606,1.441947340965271,155,VEHICLE
95,9.5,-213.66339111328125,30.159862518310547,4.020208835601807,8.008625984191895,0.010350561700761318,0.0006580352783203125,0.0005077198147773743,0.0012969405954800118,4.673638820648193,1.8118125200271606,1.441947340965271,155,VEHICLE
96,9.6,-212.86181640625,30.160905838012695,4.061767578125,8.010510444641113,0.010397925972938538,0.0188446044921875,0.0004736427217721939,0.0013028816033277878,4.673638820648193,1.8118125200271606,1.441947340965271,155,VEHICLE
97,9.7,-212.06002807617188,30.161954879760742,4.103334426879883,8.012551307678223,0.010452160611748695,0.02040863037109375,0.0005423463881015778,0.001308976185064596,4.673638820648193,1.8118125200271606,1.441947340965271,155,VEHICLE
98,9.8,-211.25808715820312,30.163007736206055,4.1449079513549805,8.013190269470215,0.010499862022697926,0.006389617919921875,0.00047701410949230194,0.0013150541220445912,4.673638820648193,1.8118125200271606,1.441947340965271,155,VEHICLE
99,9.9,-210.45616149902344,30.1640567779541,4.186479568481445,8.01215648651123,0.010547058656811714,-0.01033782958984375,0.00047196634113788605,0.001321024908402603,4.673638820648193,1.8118125200271606,1.441947340965271,155,VEHICLE
100,10.0,-209.65443420410156,30.16510581970215,4.228042125701904,8.01051139831543,0.010594287887215614,-0.016450881958007812,0.00047229230403900146,0.0013266531768743222,4.673638820648193,1.8118125200271606,1.441947340965271,155,VEHICLE
101,10.1,-208.85284423828125,30.166173934936523,4.269596576690674,8.009553909301758,0.010640984401106834,-0.00957489013671875,0.00046696513891220093,0.001332385995224773,4.673638820648193,1.8118125200271606,1.441947340965271,155,VEHICLE
102,10.2,-208.05128479003906,30.167247772216797,4.311150074005127,8.009904861450195,0.010684240609407425,0.003509521484375,0.00043256208300590515,0.0013382886421095814,4.673638820648193,1.8118125200271606,1.441947340965271,155,VEHICLE
103,10.3,-207.24960327148438,30.168325424194336,4.35270881652832,8.011083602905273,0.010736883617937565,0.01178741455078125,0.0005264300853013992,0.001344222237839089,4.673638820648193,1.8118125200271606,1.441947340965271,155,VEHICLE
104,10.4,-206.44784545898438,30.16939926147461,4.39427375793457,8.01208782196045,0.010784695856273174,0.010042190551757812,0.00047812238335609436,0.0013503168195758972,4.673638820648193,1.8118125200271606,1.441947340965271,155,VEHICLE
105,10.5,-205.64601135253906,30.170473098754883,4.4358391761779785,8.012214660644531,0.010831995867192745,0.0012683868408203125,0.00047300010919570923,0.00135629566823799,4.673638820648193,1.8118125200271606,1.441947340965271,155,VEHICLE
106,10.6,-204.84425354003906,30.17156219482422,4.4774017333984375,8.011491775512695,0.0108836954459548,-0.007228851318359375,0.0005169957876205444,0.0013620599555817907,4.673638820648193,1.8118125200271606,1.441947340965271,155,VEHICLE
107,10.7,-204.04254150390625,30.17266082763672,4.518962383270264,8.010577201843262,0.010924173519015312,-0.009145736694335938,0.00040478073060512543,0.0013679343844023146,4.673638820648193,1.8118125200271606,1.441947340965271,155,VEHICLE
108,10.8,-203.2409210205078,30.17376136779785,4.560520172119141,8.01021671295166,0.010972672142088413,-0.003604888916015625,0.00048498623073101044,0.001373816485415432,4.673638820648193,1.8118125200271606,1.441947340965271,155,VEHICLE
109,10.9,-202.43927001953125,30.17486000061035,4.602076530456543,8.010554313659668,0.011019725352525711,0.003376007080078125,0.0004705321043729782,0.001379717571854289,4.673638820648193,1.8118125200271606,1.441947340965271,155,VEHICLE
110,11.0,-201.6375274658203,30.17595863342285,4.643637180328369,8.01123332977295,0.011070925742387772,0.0067901611328125,0.0005120038986206055,0.0013856724936784635,4.673638820648193,1.8118125200271606,1.441947340965271,155,VEHICLE
111,11.1,-200.8357696533203,30.17706871032715,4.685202121734619,8.011698722839355,0.011116127483546734,0.0046539306640625,0.0004520174115896225,0.0013916536830094832,4.673638820648193,1.8118125200271606,1.441947340965271,155,VEHICLE
112,11.2,-200.0340118408203,30.178192138671875,4.726765155792236,8.011674880981445,0.011165853589773178,-0.0002384185791015625,0.0004972610622644424,0.001397404446488373,4.673638820648193,1.8118125200271606,1.441947340965271,155,VEHICLE
113,11.3,-199.2322540283203,30.1793155670166,4.768326759338379,8.011216163635254,0.011208193376660347,-0.0045871734619140625,0.00042339786887168884,0.0014032242597006043,4.673638820648193,1.8118125200271606,1.441947340965271,155,VEHICLE
114,11.4,-198.43052673339844,30.18044090270996,4.809889316558838,8.010709762573242,0.011257720179855824,-0.0050640106201171875,0.0004952680319547653,0.0014091546045010468,4.673638820648193,1.8118125200271606,1.441947340965271,155,VEHICLE
115,11.5,-197.6288604736328,30.181564331054688,4.851449012756348,8.010595321655273,0.011304710991680622,-0.0011444091796875,0.00046990811824798584,0.0014149632345172945,4.673638820648193,1.8118125200271606,1.441947340965271,155,VEHICLE
116,11.6,-196.82716369628906,30.182695388793945,4.893008232116699,8.010859489440918,0.011352607049047947,0.0026416778564453125,0.0004789605736732483,0.0014210298582641432,4.673638820648193,1.8118125200271606,1.441947340965271,155,VEHICLE
117,11.7,-196.02540588378906,30.183841705322266,4.9345703125,8.011272430419922,0.0114002525806427,0.0041294097900390625,0.00047645531594753265,0.0014269240527333828,4.673638820648193,1.8118125200271606,1.441947340965271,155,VEHICLE
118,11.8,-195.22364807128906,30.18498992919922,4.976134300231934,8.011484146118164,0.011447951197624207,0.002117156982421875,0.0004769861698150635,0.0014328869068244755,4.673638820648193,1.8118125200271606,1.441947340965271,155,VEHICLE
119,11.9,-194.42189025878906,30.186140060424805,5.017697811126709,8.01138973236084,0.011492757126688957,-0.0009441375732421875,0.0004480592906475067,0.00143882284322291,4.673638820648193,1.8118125200271606,1.441947340965271,155,VEHICLE
120,12.0,-193.62013244628906,30.187286376953125,5.059260368347168,8.011076927185059,0.011544299311935902,-0.0031280517578125,0.0005154218524694443,0.0014446201600060112,4.673638820648193,1.8118125200271606,1.441947340965271,155,VEHICLE
121,12.1,-192.81837463378906,30.18843650817871,5.100822448730469,8.010844230651855,0.011587881483137608,-0.00232696533203125,0.0004358217120170593,0.0014504999203502017,4.673638820648193,1.8118125200271606,1.441947340965271,155,VEHICLE
122,12.2,-192.01661682128906,30.18960952758789,5.142385959625244,8.010832786560059,0.011634253896772861,-0.00011444091796875,0.00046372413635253906,0.0014563714883531484,4.673638820648193,1.8118125200271606,1.441947340965271,155,VEHICLE
123,12.3,-191.21485900878906,30.190780639648438,5.1839494705200195,8.011037826538086,0.011684389784932137,0.0020503997802734375,0.0005013588815927505,0.0014624015716573065,4.673638820648193,1.8118125200271606,1.441947340965271,155,VEHICLE
124,12.4,-190.41310119628906,30.191951751708984,5.225512981414795,8.011241912841797,0.011734934523701668,0.002040863037109375,0.0005054473876953125,0.0014683359476097895,4.673638820648193,1.8118125200271606,1.441947340965271,155,VEHICLE
125,12.5,-189.61134338378906,30.19300651550293,5.2670769691467285,8.011322021484375,0.009926905855536461,0.00080108642578125,-0.01808028668165207,0.0013737263696617492,4.673638820648193,1.8118125200271606,1.441947340965271,155,VEHICLE
126,12.6,-188.80958557128906,30.193946838378906,5.3086395263671875,8.011223793029785,0.00908215343952179,-0.0009822845458984375,-0.008447524160146713,0.0012388438923445282,4.673638820648193,1.8118125200271606,1.441947340965271,155,VEHICLE
127,12.7,-188.00782775878906,30.19491958618164,5.3502020835876465,8.011042594909668,0.009938801638782024,-0.001811981201171875,0.008566481992602348,0.0012107676986043956,4.673638820648193,1.8118125200271606,1.441947340965271,155,VEHICLE
128,12.8,-187.20606994628906,30.195898056030273,5.391763687133789,8.010924339294434,0.009814775548875332,-0.00118255615234375,-0.001240260899066925,0.001224497542380515,4.673638820648193,1.8118125200271606,1.441947340965271,155,VEHICLE
129,12.9,-186.40431213378906,30.197006225585938,5.433328151702881,8.010947227478027,0.011692161671817303,0.0002288818359375,0.018773861229419708,0.0013325022484481387,4.673638820648193,1.8118125200271606,1.441947340965271,155,VEHICLE
130,13.0,-185.60255432128906,30.19810676574707,5.474891185760498,8.01110553741455,0.010770107619464397,0.001583099365234375,-0.009220540523529053,0.0013790175818080052,4.673638820648193,1.8118125200271606,1.441947340965271,155,VEHICLE
131,13.1,-184.80079650878906,30.199071884155273,5.516454219818115,8.011212348937988,0.009113370440900326,0.001068115234375,-0.016567371785640717,0.0012780300711458476,4.673638820648193,1.8118125200271606,1.441947340965271,155,VEHICLE
132,13.2,-183.99903869628906,30.200056076049805,5.558018207550049,8.01123332977295,0.010147973895072937,0.000209808349609375,0.010346034541726112,0.0012423729709003712,4.673638820648193,1.8118125200271606,1.441947340965271,155,VEHICLE
133,13.3,-183.19728088378906,30.201061248779297,5.599581241607666,8.011146545410156,0.010051071643829346,-0.0008678436279296875,-0.0009690225124359131,0.0012545926931071991,4.673638820648193,1.8118125200271606,1.441947340965271,155,VEHICLE
134,13.4,-182.39552307128906,30.202062606811523,5.641143798828125,8.01101016998291,0.01007864810526371,-0.0013637542724609375,0.0002757646143436432,0.001261633425239096,4.673638820648193,1.8118125200271606,1.441947340965271,155,VEHICLE
135,13.5,-181.59376525878906,30.20306396484375,5.682706356048584,8.010993003845215,0.010122120380401611,-0.000171661376953125,0.00043472275137901306,0.0012677137028880181,4.673638820648193,1.8118125200271606,1.441947340965271,155,VEHICLE
136,13.6,-180.79200744628906,30.204086303710938,5.724269866943359,8.011056900024414,0.01016661711037159,0.0006389617919921875,0.0004449672996997833,0.0012736238919282576,4.673638820648193,1.8118125200271606,1.441947340965271,155,VEHICLE
137,13.7,-179.99024963378906,30.205114364624023,5.765834331512451,8.011154174804688,0.010210735723376274,0.000972747802734375,0.0004411861300468445,0.0012795117145765293,4.673638820648193,1.8118125200271606,1.441947340965271,155,VEHICLE
138,13.8,-179.18849182128906,30.206138610839844,5.807395935058594,8.011178970336914,0.010261382907629013,0.000247955322265625,0.0005064718425273895,0.001285470407478419,4.673638820648193,1.8118125200271606,1.441947340965271,155,VEHICLE
139,13.9,-178.38673400878906,30.207164764404297,5.848959922790527,8.01114273071289,0.010310199111700058,-0.000362396240234375,0.0004881620407104492,0.0012912428871634633,4.673638820648193,1.8118125200271606,1.441947340965271,155,VEHICLE
140,14.0,-177.58497619628906,30.20819091796875,5.890522480010986,8.011070251464844,0.010356929153203964,-0.00072479248046875,0.0004673004150390625,0.0012972040507714425,4.673638820648193,1.8118125200271606,1.441947340965271,155,VEHICLE
141,14.1,-176.78321838378906,30.209232330322266,5.9320855140686035,8.011026382446289,0.010401475243270397,-0.000438690185546875,0.00044546090066432953,0.0013031769177240557,4.673638820648193,1.8118125200271606,1.441947340965271,155,VEHICLE
142,14.2,-175.98146057128906,30.210285186767578,5.9736480712890625,8.0110502243042,0.01045144908130169,0.0002384185791015625,0.0004997383803129196,0.0013090748832710105,4.673638820648193,1.8118125200271606,1.441947340965271,155,VEHICLE
143,14.3,-175.17970275878906,30.211334228515625,6.015211582183838,8.011129379272461,0.010498277842998505,0.0007915496826171875,0.0004682876169681549,0.001314894566446079,4.673638820648193,1.8118125200271606,1.441947340965271,155,VEHICLE
144,14.4,-174.37794494628906,30.212514877319336,6.0567755699157715,8.011160850524902,0.012404493987560272,0.0003147125244140625,0.019062161445617676,0.0014213669145896064,4.673638820648193,1.8118125200271606,1.441947340965271,155,VEHICLE
145,14.5,-173.57618713378906,30.213685989379883,6.098338603973389,8.011120796203613,0.01148754358291626,-0.000400543212890625,-0.009169504046440125,0.0014675816020295381,4.673638820648193,1.8118125200271606,1.441947340965271,155,VEHICLE
146,14.6,-172.77442932128906,30.214853286743164,6.139901161193848,8.011092185974121,0.011682669632136822,-0.000286102294921875,0.0019512604922056198,0.0014675816020295381,4.673638820648193,1.8118125200271606,1.441947340965271,155,VEHICLE
147,14.7,-171.97267150878906,30.21602439880371,6.181464195251465,8.011054039001465,0.01175481453537941,-0.0003814697265625,0.0007214490324258804,0.0014715851861917138,4.673638820648193,1.8118125200271606,1.441947340965271,155,VEHICLE
148,14.8,-171.17091369628906,30.21719741821289,6.223027229309082,8.011091232299805,0.01180786732584238,0.0003719329833984375,0.0005305279046297073,0.0014771321814368071,4.673638820648193,1.8118125200271606,1.441947340965271,155,VEHICLE
149,14.9,-170.36915588378906,30.2183837890625,6.264590740203857,8.011103630065918,0.01185536477714777,0.0001239776611328125,0.00047497451305389404,0.001483026896054697,4.673638820648193,1.8118125200271606,1.441947340965271,155,VEHICLE
0,0.0,-280.0943603515625,33.571468353271484,1.5253329277038574,6.211023872992882e-08,8.328374795363302e-11,5.5256862196984e-07,7.40940420129732e-10,0.0013409012187434086,5.357479572296143,2.033202886581421,1.4106587171554565,156,VEHICLE
1,0.1,-280.0935974121094,33.57146453857422,1.2787655591964722,0.07547415792942047,9.907272760756314e-05,0.7547409534454346,0.0009907265193760395,0.0013429754415240655,5.357479572296143,2.033202886581421,1.4106587171554565,156,VEHICLE
2,0.2,-280.08984375,33.57146453857422,1.151723027229309,0.014047635719180107,1.5432573491125368e-05,-0.6142652034759521,-0.0008364015375263989,0.001343799356986309,5.357479572296143,2.033202886581421,1.4106587171554565,156,VEHICLE
3,0.3,-280.09002685546875,33.57147216796875,1.1589821577072144,-0.00787923764437437,-0.0005930107436142862,-0.21926872432231903,-0.006084433291107416,0.0013444631967013895,5.357479572296143,2.033202886581421,1.4106587171554565,156,VEHICLE
4,0.4,-280.09088134765625,33.571449279785156,1.1879514455795288,-0.008280845358967781,0.00036645817453972995,-0.004016077145934105,0.0095946891233325,0.001345214291352576,5.357479572296143,2.033202886581421,1.4106587171554565,156,VEHICLE
5,0.5,-280.0915832519531,33.57144546508789,1.2100770473480225,-0.005144752562046051,0.000301698426483199,0.0313609279692173,-0.0006475974805653095,0.0013459897029531689,5.357479572296143,2.033202886581421,1.4106587171554565,156,VEHICLE
6,0.6,-280.0919494628906,33.57144546508789,1.221864104270935,-0.0023916151840239763,0.0001682122820056975,0.027531374245882034,-0.0013348613865673542,0.0013467426181246317,5.357479572296143,2.033202886581421,1.4106587171554565,156,VEHICLE
7,0.7,-280.0661315917969,33.57148361206055,1.2272001504898071,0.5743407607078552,0.0006252206512726843,5.767323970794678,0.0045700836926698685,0.0013324023799072607,5.357479572296143,2.033202886581421,1.4106587171554565,156,VEHICLE
8,0.8,-279.9815673828125,33.571537017822266,1.2307089567184448,1.0159077644348145,0.0014094499638304114,4.415669918060303,0.00784229300916195,0.0014499659877605599,5.357479572296143,2.033202886581421,1.4106587171554565,156,VEHICLE
9,0.9,-279.8664855957031,33.57192611694336,1.23396635055542,1.2892063856124878,0.0008848492871038616,2.7329862117767334,-0.0052460068836808205,0.0009498481318444351,5.357479572296143,2.033202886581421,1.4106587171554565,156,VEHICLE
10,1.0,-279.7275390625,33.572139739990234,1.2377370595932007,1.4929667711257935,0.002596615580841899,2.0376038551330566,0.017117662355303764,0.0009102160556125552,5.357479572296143,2.033202886581421,1.4106587171554565,156,VEHICLE
11,1.1,-279.57196044921875,33.57231521606445,1.242127776145935,1.6324676275253296,0.002328878501430154,1.3950085639953613,-0.0026773707941174507,0.001007890024315882,5.357479572296143,2.033202886581421,1.4106587171554565,156,VEHICLE
12,1.2,-279.39947509765625,33.57249450683594,1.247143030166626,1.8176409006118774,0.0017173896776512265,1.8517327308654785,-0.00611488800495863,0.0010246579263218608,5.357479572296143,2.033202886581421,1.4106587171554565,156,VEHICLE
13,1.3,-279.20745849609375,33.57268524169922,1.2528127431869507,2.0176210403442383,0.0020266526844352484,1.9998013973236084,0.0030926300678402185,0.0010202411490755187,5.357479572296143,2.033202886581421,1.4106587171554565,156,VEHICLE
14,1.4,-278.9950866699219,33.57290267944336,1.2591274976730347,2.2216546535491943,0.002248909557238221,2.0403361320495605,0.002222568728029728,0.001016294651227725,5.357479572296143,2.033202886581421,1.4106587171554565,156,VEHICLE
15,1.5,-278.76226806640625,33.57318115234375,1.266068458557129,2.4251649379730225,0.003333436558023095,2.0351028442382812,0.01084527000784874,0.0010422537749421236,5.357479572296143,2.033202886581421,1.4106587171554565,156,VEHICLE
16,1.6,-278.5092468261719,33.57346725463867,1.273618221282959,2.626159191131592,0.0026921937242150307,2.0099425315856934,-0.006412428338080645,0.0010520122837723925,5.357479572296143,2.033202886581421,1.4106587171554565,156,VEHICLE
17,1.7,-278.2360534667969,33.573753356933594,1.2817678451538086,2.8278720378875732,0.0029440042562782764,2.0171284675598145,0.0025181053206324577,0.001046524455436283,5.357479572296143,2.033202886581421,1.4106587171554565,156,VEHICLE
18,1.8,-277.942138671875,33.57411193847656,1.290698528289795,3.0399303436279297,0.00422266498208046,2.1205830574035645,0.012786607258021832,0.0010773816889543932,5.357479572296143,2.033202886581421,1.4106587171554565,156,VEHICLE
19,1.9,-277.6257629394531,33.57455062866211,1.3005458116531372,3.2733190059661865,0.005088742356747389,2.3338866233825684,0.008660773746669292,0.0011434850402655778,5.357479572296143,2.033202886581421,1.4106587171554565,156,VEHICLE
20,2.0,-277.2844543457031,33.57504653930664,1.3112163543701172,3.5355796813964844,0.005698304623365402,2.6226067543029785,0.006095622666180134,0.0012206692483135262,5.357479572296143,2.033202886581421,1.4106587171554565,156,VEHICLE
21,2.1,-276.91485595703125,33.57552719116211,1.3227485418319702,3.834263801574707,0.0046265218406915665,2.9868412017822266,-0.010717827826738358,0.0012420233009701356,5.357479572296143,2.033202886581421,1.4106587171554565,156,VEHICLE
22,2.2,-276.5135803222656,33.57602310180664,1.3352396488189697,4.161909580230713,0.005113532301038504,3.2764577865600586,0.004870104603469372,0.0012335870100091992,5.357479572296143,2.033202886581421,1.4106587171554565,156,VEHICLE
23,2.3,-276.0779113769531,33.576560974121094,1.348784327507019,4.517053604125977,0.00554902758449316,3.5514402389526367,0.004354952834546566,0.0012257889414423108,5.357479572296143,2.033202886581421,1.4106587171554565,156,VEHICLE
24,2.4,-275.6054382324219,33.57724380493164,1.3634673357009888,4.892095565795898,0.008126188069581985,3.7504196166992188,0.025771604850888252,0.0012877849389355636,5.357479572296143,2.033202886581421,1.4106587171554565,156,VEHICLE
25,2.5,-275.0951843261719,33.57795715332031,1.3796021938323975,5.256801128387451,0.006898337975144386,3.6470556259155273,-0.012278500944375992,0.0013190766916325069,5.357479572296143,2.033202886581421,1.4106587171554565,156,VEHICLE
26,2.6,-274.5732116699219,33.57863998413086,1.3966537714004517,5.183359146118164,0.0068232230842113495,-0.7344198226928711,-0.000751148909330368,0.0013191167430785882,5.357479572296143,2.033202886581421,1.4106587171554565,156,VEHICLE
27,2.7,-274.0467224121094,33.5793342590332,1.4140576124191284,5.315262794494629,0.007000019308179617,1.3190364837646484,0.0017679622396826744,0.001315816139817436,5.357479572296143,2.033202886581421,1.4106587171554565,156,VEHICLE
28,2.8,-273.4979553222656,33.58005905151367,1.432107925415039,5.604061126708984,0.007366763893514872,2.8879833221435547,0.0036674458533525467,0.001310544563282733,5.357479572296143,2.033202886581421,1.4106587171554565,156,VEHICLE
29,2.9,-272.91461181640625,33.58084487915039,1.4512056112289429,5.9870285987854,0.007865584455430508,3.82967472076416,0.004988205619156361,0.0012763321759137595,5.357479572296143,2.033202886581421,1.4106587171554565,156,VEHICLE
30,3.0,-272.28814697265625,33.58161163330078,1.4716728925704956,6.513100624084473,0.008317953906953335,5.260720252990723,0.0045236945152282715,0.0013607818203105802,5.357479572296143,2.033202886581421,1.4106587171554565,156,VEHICLE
31,3.1,-271.61419677734375,33.5823974609375,1.493707537651062,6.905064105987549,0.009754910133779049,3.9196348190307617,0.014369562268257141,0.0015913023394948569,5.357479572296143,2.033202886581421,1.4106587171554565,156,VEHICLE
32,3.2,-270.8958435058594,33.58332824707031,1.5172168016433716,7.3758111000061035,0.011537345126271248,4.707469940185547,0.01782434992492199,0.0018600038502135433,5.357479572296143,2.033202886581421,1.4106587171554565,156,VEHICLE
33,3.3,-270.1360778808594,33.584529876708984,1.5421216487884521,7.604623317718506,0.010782045312225819,2.2881221771240234,-0.007552998140454292,0.0017099817962404399,5.357479572296143,2.033202886581421,1.4106587171554565,156,VEHICLE
34,3.4,-269.3681945800781,33.58564758300781,1.56795072555542,7.87775993347168,0.012796158902347088,2.7313661575317383,0.020141135901212692,0.0018539006860240031,5.357479572296143,2.033202886581421,1.4106587171554565,156,VEHICLE
35,3.5,-268.5315856933594,33.58696746826172,1.5963900089263916,8.66611385345459,0.011541316285729408,7.883539199829102,-0.012548426166176796,0.0016467988195269603,5.357479572296143,2.033202886581421,1.4106587171554565,156,VEHICLE
36,3.6,-267.6559753417969,33.58833694458008,1.6264138221740723,8.768227577209473,0.013270488940179348,1.0211372375488281,0.017291726544499397,0.0014704320166337636,5.357479572296143,2.033202886581421,1.4106587171554565,156,VEHICLE
37,3.7,-266.7940673828125,33.58961868286133,1.6562799215316772,8.495631217956543,0.011183900758624077,-2.725963592529297,-0.02086588181555271,0.0013389220531286135,5.357479572296143,2.033202886581421,1.4106587171554565,156,VEHICLE
38,3.8,-265.9620666503906,33.590789794921875,1.6860817670822144,8.225923538208008,0.01112363301217556,-2.6970767974853516,-0.0006026774644851685,0.0012453237741941248,5.357479572296143,2.033202886581421,1.4106587171554565,156,VEHICLE
39,3.9,-265.1514892578125,33.59188461303711,1.7153418064117432,8.052700996398926,0.010470360517501831,-1.7322254180908203,-0.006532724946737289,0.0012017610646482887,5.357479572296143,2.033202886581421,1.4106587171554565,156,VEHICLE
40,4.0,-264.35546875,33.59297180175781,1.7439703941345215,7.922617435455322,0.011363519355654716,-1.3008356094360352,0.008931588381528854,0.0012200523520141445,5.357479572296143,2.033202886581421,1.4106587171554565,156,VEHICLE
41,4.1,-263.56976318359375,33.59410095214844,1.7721046209335327,7.842567443847656,0.01223346684128046,-0.8004999160766602,0.008699474856257439,0.00131063688966818,5.357479572296143,2.033202886581421,1.4106587171554565,156,VEHICLE
42,4.2,-262.7887878417969,33.59510803222656,1.7999868392944336,7.821506977081299,0.0084572434425354,-0.21060466766357422,-0.03776223212480545,0.0013066600931615003,5.357479572296143,2.033202886581421,1.4106587171554565,156,VEHICLE
43,4.3,-262.0068664550781,33.596004486083984,1.8278762102127075,7.8545050621032715,0.008382763713598251,0.32998085021972656,-0.0007447972893714905,0.0012136645364756698,5.357479572296143,2.033202886581421,1.4106587171554565,156,VEHICLE
44,4.4,-261.2196960449219,33.59701156616211,1.8566118478775024,7.914322853088379,0.011353206820786,0.5981779098510742,0.02970443107187748,0.0012189506771725844,5.357479572296143,2.033202886581421,1.4106587171554565,156,VEHICLE
45,4.5,-260.426025390625,33.59805679321289,1.8860763311386108,7.975248336791992,0.010202907957136631,0.6092548370361328,-0.011502988636493683,0.0012574652140290668,5.357479572296143,2.033202886581421,1.4106587171554565,156,VEHICLE
46,4.6,-259.6273498535156,33.59907531738281,1.915798544883728,8.013117790222168,0.010190261527895927,0.3786945343017578,-0.00012646429240703583,0.0012646674523169147,5.357479572296143,2.033202886581421,1.4106587171554565,156,VEHICLE
47,4.7,-258.82666015625,33.600101470947266,1.9456719160079956,8.019293785095215,0.010177993215620518,0.06175994873046875,-0.00012268312275409698,0.0012676163050532297,5.357479572296143,2.033202886581421,1.4106587171554565,156,VEHICLE
48,4.8,-258.0269775390625,33.60117721557617,1.976457953453064,8.003695487976074,0.011616448871791363,-0.15598297119140625,0.01438455656170845,0.0013124217797620486,5.357479572296143,2.033202886581421,1.4106587171554565,156,VEHICLE
49,4.9,-257.2296447753906,33.602352142333984,2.007500171661377,7.9780802726745605,0.012862185016274452,-0.2561521530151367,0.012457361444830894,0.0014192157098086894,5.357479572296143,2.033202886581421,1.4106587171554565,156,VEHICLE
50,5.0,-256.43487548828125,33.60352325439453,2.038411855697632,7.953649520874023,0.011766397394239902,-0.2443075180053711,-0.010957876220345497,0.0014992723087413429,5.357479572296143,2.033202886581421,1.4106587171554565,156,VEHICLE
51,5.1,-255.6421356201172,33.60462951660156,2.0691492557525635,7.937813758850098,0.010416138917207718,-0.1583576202392578,-0.013502584770321846,0.0014887980753681151,5.357479572296143,2.033202886581421,1.4106587171554565,156,VEHICLE
52,5.2,-254.850341796875,33.60573959350586,2.099778652191162,7.933175086975098,0.011350817047059536,-0.04638671875,0.00934678129851818,0.0014629418760679156,5.357479572296143,2.033202886581421,1.4106587171554565,156,VEHICLE
53,5.3,-254.0584259033203,33.60682678222656,2.130375862121582,7.938126564025879,0.00999501720070839,0.0495147705078125,-0.013557998463511467,0.0014129575413213285,5.357479572296143,2.033202886581421,1.4106587171554565,156,VEHICLE
54,5.4,-253.26571655273438,33.60790252685547,2.16156005859375,7.945476055145264,0.010842803865671158,0.07349491119384766,0.008477866649627686,0.001364130147210407,5.357479572296143,2.033202886581421,1.4106587171554565,156,VEHICLE
55,5.5,-252.47190856933594,33.608909606933594,2.193359136581421,7.954372882843018,0.008739818818867207,0.08896827697753906,-0.021029850468039513,0.0012821967219099257,5.357479572296143,2.033202886581421,1.4106587171554565,156,VEHICLE
56,5.6,-251.6773223876953,33.60982894897461,2.2252795696258545,7.9611687660217285,0.008321171626448631,0.06795883178710938,-0.004186471924185753,0.0011622367892242056,5.357479572296143,2.033202886581421,1.4106587171554565,156,VEHICLE
57,5.7,-250.88229370117188,33.61080551147461,2.2572176456451416,7.962563991546631,0.010432555340230465,0.013952255249023438,0.021113837137818336,0.00112908797580815,5.357479572296143,2.033202886581421,1.4106587171554565,156,VEHICLE
58,5.8,-250.08761596679688,33.61186981201172,2.290040969848633,7.960859775543213,0.011507503688335419,-0.017042160034179688,0.010749483481049538,0.0011997573220097618,5.357479572296143,2.033202886581421,1.4106587171554565,156,VEHICLE
59,5.9,-249.29335021972656,33.61296463012695,2.323270320892334,7.957310199737549,0.011685303412377834,-0.035495758056640625,0.0017779972404241562,0.0013016935838102602,5.357479572296143,2.033202886581421,1.4106587171554565,156,VEHICLE
60,6.0,-248.49951171875,33.614044189453125,2.3564774990081787,7.953426837921143,0.010841446928679943,-0.0388336181640625,-0.008438564836978912,0.0013662684783122263,5.357479572296143,2.033202886581421,1.4106587171554565,156,VEHICLE
61,6.1,-247.7059783935547,33.615108489990234,2.3895821571350098,7.950550556182861,0.010896616615355015,-0.0287628173828125,0.0005516968667507172,0.0013936974770940914,5.357479572296143,2.033202886581421,1.4106587171554565,156,VEHICLE
62,6.2,-246.91262817382812,33.61613845825195,2.4226088523864746,7.949369430541992,0.009536267258226871,-0.011811256408691406,-0.013603493571281433,0.0013650811089805119,5.357479572296143,2.033202886581421,1.4106587171554565,156,VEHICLE
63,6.3,-246.11927795410156,33.61709976196289,2.4556000232696533,7.94978141784668,0.00895774271339178,0.004119873046875,-0.005785245448350906,0.0012846671679250293,5.357479572296143,2.033202886581421,1.4106587171554565,156,VEHICLE
64,6.4,-245.32583618164062,33.61813735961914,2.489042043685913,7.948616027832031,0.011267364956438541,-0.011653900146484375,0.023096222430467606,0.0012717754136618768,5.357479572296143,2.033202886581421,1.4106587171554565,156,VEHICLE
65,6.5,-244.53224182128906,33.61920166015625,2.5231313705444336,7.9486541748046875,0.010416470468044281,0.0003814697265625,-0.008508944883942604,0.0012926492390769987,5.357479572296143,2.033202886581421,1.4106587171554565,156,VEHICLE
66,6.6,-243.73858642578125,33.620235443115234,2.5573439598083496,7.949683666229248,0.0103612607344985,0.010294914245605469,-0.0005520973354578018,0.0012944030502890056,5.357479572296143,2.033202886581421,1.4106587171554565,156,VEHICLE
67,6.7,-242.94483947753906,33.62132263183594,2.5915184020996094,7.9500861167907715,0.011795558966696262,0.004024505615234375,0.014342982321977615,0.001338233636389801,5.357479572296143,2.033202886581421,1.4106587171554565,156,VEHICLE
68,6.8,-242.1513671875,33.62234115600586,2.6264891624450684,7.949440956115723,0.008920866996049881,-0.006451606750488281,-0.028746919706463814,0.001320439741170896,5.357479572296143,2.033202886581421,1.4106587171554565,156,VEHICLE
69,6.9,-241.35804748535156,33.62333297729492,2.6619911193847656,7.9494242668151855,0.010059894993901253,-0.00016689300537109375,0.011390279978513718,0.0012722449778560308,5.357479572296143,2.033202886581421,1.4106587171554565,156,VEHICLE
70,7.0,-240.5647430419922,33.624427795410156,2.697516679763794,7.949215412139893,0.01212062407284975,-0.0020885467529296875,0.020607290789484978,0.0013186456184384827,5.357479572296143,2.033202886581421,1.4106587171554565,156,VEHICLE
71,7.1,-239.77151489257812,33.62553787231445,2.7329518795013428,7.948870658874512,0.010965466499328613,-0.0034475326538085938,-0.011551575735211372,0.0013722157279438072,5.357479572296143,2.033202886581421,1.4106587171554565,156,VEHICLE
72,7.2,-238.97825622558594,33.626564025878906,2.7683117389678955,7.948517799377441,0.009509578347206116,-0.003528594970703125,-0.014558881521224976,0.0013453803488092182,5.357479572296143,2.033202886581421,1.4106587171554565,156,VEHICLE
73,7.3,-238.18499755859375,33.62750244140625,2.803630828857422,7.948321342468262,0.0082698417827487,-0.001964569091796875,-0.012397365644574165,0.0012474977354784973,5.357479572296143,2.033202886581421,1.4106587171554565,156,VEHICLE
74,7.4,-237.3917694091797,33.62843322753906,2.8392839431762695,7.946218013763428,0.009393583051860332,-0.021033287048339844,0.011237412691116333,0.0011720060911389702,5.357479572296143,2.033202886581421,1.4106587171554565,156,VEHICLE
75,7.5,-236.59857177734375,33.62944030761719,2.8756425380706787,7.944429874420166,0.010767923668026924,-0.017881393432617188,0.013743406161665916,0.0011850289228620254,5.357479572296143,2.033202886581421,1.4106587171554565,156,VEHICLE
76,7.6,-235.80545043945312,33.63044738769531,2.912161111831665,7.94414758682251,0.009845275431871414,-0.0028228759765625,-0.0092264823615551,0.0012111041047440456,5.357479572296143,2.033202886581421,1.4106587171554565,156,VEHICLE
77,7.7,-235.0122528076172,33.631507873535156,2.9486379623413086,7.944685459136963,0.01182684488594532,0.00537872314453125,0.01981569454073906,0.0012778036764457582,5.357479572296143,2.033202886581421,1.4106587171554565,156,VEHICLE
78,7.8,-234.21932983398438,33.63258361816406,2.9857776165008545,7.943519115447998,0.01067571621388197,-0.011663436889648438,-0.011511286720633507,0.0013428896169967485,5.357479572296143,2.033202886581421,1.4106587171554565,156,VEHICLE
79,7.9,-233.4265899658203,33.633724212646484,3.0235507488250732,7.943954944610596,0.012786555103957653,0.0043582916259765625,0.021108388900756836,0.0014283426281402026,5.357479572296143,2.033202886581421,1.4106587171554565,156,VEHICLE
80,8.0,-232.63381958007812,33.63489532470703,3.0613818168640137,7.944468021392822,0.011758582666516304,0.005130767822265625,-0.01027972437441349,0.0015045818561275257,5.357479572296143,2.033202886581421,1.4106587171554565,156,VEHICLE
81,8.1,-231.8409881591797,33.63605499267578,3.0991342067718506,7.944720268249512,0.011900847777724266,0.0025224685668945312,0.0014226511120796204,0.001534713157185413,5.357479572296143,2.033202886581421,1.4106587171554565,156,VEHICLE
82,8.2,-231.0481414794922,33.63724136352539,3.136810779571533,7.944706439971924,0.012059448286890984,-0.00013828277587890625,0.0015860050916671753,0.0015512990071637498,5.357479572296143,2.033202886581421,1.4106587171554565,156,VEHICLE
83,8.3,-230.25526428222656,33.638450622558594,3.1744441986083984,7.9445366859436035,0.012193734757602215,-0.001697540283203125,0.0013428647071123123,0.0015602094136195315,5.357479572296143,2.033202886581421,1.4106587171554565,156,VEHICLE
84,8.4,-229.46240234375,33.639671325683594,3.212294578552246,7.942521095275879,0.012292493134737015,-0.020155906677246094,0.0009875837713479996,0.00156461351224252,5.357479572296143,2.033202886581421,1.4106587171554565,156,VEHICLE
85,8.5,-228.66961669921875,33.640811920166016,3.2509067058563232,7.94014310836792,0.010274039581418037,-0.023779869079589844,-0.020184535533189774,0.0015038117760505995,5.357479572296143,2.033202886581421,1.4106587171554565,156,VEHICLE
86,8.6,-227.8768768310547,33.64194107055664,3.289733409881592,7.939501762390137,0.011429156176745892,-0.006413459777832031,0.011551165953278542,0.0014400471431088033,5.357479572296143,2.033202886581421,1.4106587171554565,156,VEHICLE
87,8.7,-227.0841522216797,33.643009185791016,3.328530788421631,7.939869403839111,0.009321889840066433,0.0036764144897460938,-0.021072663366794586,0.001353499349093407,5.357479572296143,2.033202886581421,1.4106587171554565,156,VEHICLE
88,8.8,-226.2915802001953,33.64404296875,3.367826223373413,7.938919544219971,0.01034094113856554,-0.00949859619140625,0.010190512984991074,0.0012747985176180371,5.357479572296143,2.033202886581421,1.4106587171554565,156,VEHICLE
89,8.9,-225.49929809570312,33.64502716064453,3.4078688621520996,7.939394950866699,0.008722471073269844,0.004754066467285156,-0.016184700652956963,0.0011975801097963245,5.357479572296143,2.033202886581421,1.4106587171554565,156,VEHICLE
90,9.0,-224.7069549560547,33.646053314208984,3.448012590408325,7.939968585968018,0.011403050273656845,0.005736351013183594,0.02680579200387001,0.0011942246308525547,5.357479572296143,2.033202886581421,1.4106587171554565,156,VEHICLE
91,9.1,-223.91461181640625,33.647151947021484,3.488081216812134,7.940295219421387,0.011555671691894531,0.0032663345336914062,0.0015262141823768616,0.0012718799635406085,5.357479572296143,2.033202886581421,1.4106587171554565,156,VEHICLE
92,9.2,-223.1222381591797,33.64822006225586,3.5280697345733643,7.940301418304443,0.010634632781147957,6.198883056640625e-05,-0.009210389107465744,0.0013220922534332362,5.357479572296143,2.033202886581421,1.4106587171554565,156,VEHICLE
93,9.3,-222.32986450195312,33.64926528930664,3.568009614944458,7.940116882324219,0.010609673336148262,-0.0018453598022460938,-0.00024959444999694824,0.0013405841881409862,5.357479572296143,2.033202886581421,1.4106587171554565,156,VEHICLE
94,9.4,-221.53749084472656,33.65031814575195,3.6080052852630615,7.939136028289795,0.010639826767146587,-0.009808540344238281,0.0003015343099832535,0.0013505109650596614,5.357479572296143,2.033202886581421,1.4106587171554565,156,VEHICLE
95,9.5,-220.74513244628906,33.65138244628906,3.6483840942382812,7.937716960906982,0.010680741630494595,-0.014190673828125,0.000409148633480072,0.001355214539268121,5.357479572296143,2.033202886581421,1.4106587171554565,156,VEHICLE
96,9.6,-219.95285034179688,33.65239334106445,3.6888983249664307,7.937248229980469,0.009250949136912823,-0.004687309265136719,-0.014297924935817719,0.0013130867898115928,5.357479572296143,2.033202886581421,1.4106587171554565,156,VEHICLE
97,9.7,-219.16058349609375,33.65338897705078,3.729405164718628,7.937408924102783,0.010060080327093601,0.0016069412231445312,0.008091311901807785,0.0012682376226161396,5.357479572296143,2.033202886581421,1.4106587171554565,156,VEHICLE
98,9.8,-218.36831665039062,33.65446090698242,3.7700788974761963,7.936980247497559,0.01149375643581152,-0.004286766052246094,0.014336761087179184,0.001294434519282355,5.357479572296143,2.033202886581421,1.4106587171554565,156,VEHICLE
99,9.9,-217.57623291015625,33.655540466308594,3.8111815452575684,7.937314987182617,0.010642379522323608,0.0033473968505859375,-0.008513769134879112,0.0013280674610547762,5.357479572296143,2.033202886581421,1.4106587171554565,156,VEHICLE
100,10.0,-216.78411865234375,33.65653610229492,3.8523643016815186,7.937731742858887,0.009152051992714405,0.0041675567626953125,-0.014903275296092033,0.0012932862911365836,5.357479572296143,2.033202886581421,1.4106587171554565,156,VEHICLE
101,10.1,-215.991943359375,33.6576042175293,3.8935177326202393,7.937927722930908,0.01201631035655737,0.0019598007202148438,0.02864258363842964,0.0013147253880975347,5.357479572296143,2.033202886581421,1.4106587171554565,156,VEHICLE
102,10.2,-215.19976806640625,33.65871047973633,3.934628486633301,7.937928676605225,0.010874450206756592,9.5367431640625e-06,-0.011418601498007774,0.0013628752885913023,5.357479572296143,2.033202886581421,1.4106587171554565,156,VEHICLE
103,10.3,-214.40757751464844,33.6597900390625,3.9757115840911865,7.937764644622803,0.010877477936446667,-0.00164031982421875,3.0277296900749207e-05,0.0013766091635194623,5.357479572296143,2.033202886581421,1.4106587171554565,156,VEHICLE
104,10.4,-213.61538696289062,33.66086959838867,4.016782283782959,7.937563419342041,0.010911840945482254,-0.0020122528076171875,0.0003436300903558731,0.0013835816261409935,5.357479572296143,2.033202886581421,1.4106587171554565,156,VEHICLE
105,10.5,-212.82325744628906,33.66196823120117,4.05784797668457,7.937417507171631,0.010948135517537594,-0.0014591217041015625,0.00036294572055339813,0.0013866815820602512,5.357479572296143,2.033202886581421,1.4106587171554565,156,VEHICLE
106,10.6,-212.0311737060547,33.66306686401367,4.098909378051758,7.937370300292969,0.010976681485772133,-0.00047206878662109375,0.0002854596823453903,0.0013866815820602512,5.357479572296143,2.033202886581421,1.4106587171554565,156,VEHICLE
107,10.7,-211.23907470703125,33.66416549682617,4.139969348907471,7.937384605407715,0.010992860421538353,0.0001430511474609375,0.00016178935766220093,0.0013866815820602512,5.357479572296143,2.033202886581421,1.4106587171554565,156,VEHICLE
108,10.8,-210.44699096679688,33.66526412963867,4.181030750274658,7.937459945678711,0.01099927444010973,0.0007534027099609375,6.4140185713768e-05,0.0013866815820602512,5.357479572296143,2.033202886581421,1.4106587171554565,156,VEHICLE
109,10.9,-209.6548614501953,33.66636276245117,4.22209358215332,7.937526702880859,0.010997462086379528,0.000667572021484375,-1.8123537302017212e-05,0.0013836419633844405,5.357479572296143,2.033202886581421,1.4106587171554565,156,VEHICLE
110,11.0,-208.8626708984375,33.66746520996094,4.263159275054932,7.937597274780273,0.010988929308950901,0.000705718994140625,-8.532777428627014e-05,0.0013815546068503609,5.357479572296143,2.033202886581421,1.4106587171554565,156,VEHICLE
111,11.1,-208.0704803466797,33.66856384277344,4.304227828979492,7.93763542175293,0.01097749825567007,0.0003814697265625,-0.00011431053280830383,0.0013793762243024602,5.357479572296143,2.033202886581421,1.4106587171554565,156,VEHICLE
112,11.2,-207.27828979492188,33.66960525512695,4.345295429229736,7.937633037567139,0.009498661383986473,-2.384185791015625e-05,-0.014788368716835976,0.0013331520441496585,5.357479572296143,2.033202886581421,1.4106587171554565,156,VEHICLE
113,11.3,-206.48611450195312,33.670623779296875,4.386362075805664,7.937605857849121,0.0102686220780015,-0.00027179718017578125,0.007699606940150261,0.00128595180505437,5.357479572296143,2.033202886581421,1.4106587171554565,156,VEHICLE
114,11.4,-205.6939239501953,33.671661376953125,4.42742919921875,7.937561988830566,0.010207444429397583,-0.000438690185546875,-0.0006117764860391617,0.0012668905676487506,5.357479572296143,2.033202886581421,1.4106587171554565,156,VEHICLE
115,11.5,-204.9017333984375,33.67268371582031,4.468495845794678,7.937535762786865,0.010120371356606483,-0.00026226043701171875,-0.0008707307279109955,0.001254808424759955,5.357479572296143,2.033202886581421,1.4106587171554565,156,VEHICLE
116,11.6,-204.1095428466797,33.67368698120117,4.50956392288208,7.937516689300537,0.010036610998213291,-0.00019073486328125,-0.0008376035839319229,0.0012467218037292538,5.357479572296143,2.033202886581421,1.4106587171554565,156,VEHICLE
117,11.7,-203.31735229492188,33.67469024658203,4.550630569458008,7.937520980834961,0.009965137578547001,4.291534423828125e-05,-0.0007147341966629028,0.0012409346298448358,5.357479572296143,2.033202886581421,1.4106587171554565,156,VEHICLE
118,11.8,-202.52517700195312,33.675689697265625,4.5916972160339355,7.937524795532227,0.009904775768518448,3.814697265625e-05,-0.0006036181002855301,0.0012364951611136196,5.357479572296143,2.033202886581421,1.4106587171554565,156,VEHICLE
119,11.9,-201.7329864501953,33.67667007446289,4.6327643394470215,7.937535285949707,0.009857635013759136,0.0001049041748046875,-0.00047140754759311676,0.0012328547707465898,5.357479572296143,2.033202886581421,1.4106587171554565,156,VEHICLE
120,12.0,-200.9407958984375,33.677650451660156,4.673831462860107,7.9375529289245605,0.009817150421440601,0.00017642974853515625,-0.0004048459231853485,0.001229699679070389,5.357479572296143,2.033202886581421,1.4106587171554565,156,VEHICLE
121,12.1,-200.1486053466797,33.678627014160156,4.714899063110352,7.937570571899414,0.009784594178199768,0.00017642974853515625,-0.0003255624324083328,0.0012267617494557328,5.357479572296143,2.033202886581421,1.4106587171554565,156,VEHICLE
122,12.2,-199.35641479492188,33.67960739135742,4.7559661865234375,7.9375810623168945,0.009755643084645271,0.0001049041748046875,-0.00028951093554496765,0.0012240723208588081,5.357479572296143,2.033202886581421,1.4106587171554565,156,VEHICLE
123,12.3,-198.56423950195312,33.68058395385742,4.797033786773682,7.937569618225098,0.009731381200253963,-0.00011444091796875,-0.0002426188439130783,0.0012214611746337693,5.357479572296143,2.033202886581421,1.4106587171554565,156,VEHICLE
124,12.4,-197.7720489501953,33.68156051635742,4.838099479675293,7.937546730041504,0.00970734003931284,-0.0002288818359375,-0.00024041160941123962,0.0012188929406723892,5.357479572296143,2.033202886581421,1.4106587171554565,156,VEHICLE
125,12.5,-196.9798583984375,33.682594299316406,4.8791656494140625,7.937528133392334,0.011150971055030823,-0.00018596649169921875,0.014436310157179832,0.0012602888409777963,5.357479572296143,2.033202886581421,1.4106587171554565,156,VEHICLE
126,12.6,-196.1876678466797,33.68363571166992,4.920233249664307,7.937548637390137,0.01034428458660841,0.00020503997802734375,-0.008066864684224129,0.0013027117747934302,5.357479572296143,2.033202886581421,1.4106587171554565,156,VEHICLE
127,12.7,-195.39547729492188,33.684654235839844,4.961300373077393,7.937548637390137,0.010367058217525482,0.0,0.00022773630917072296,0.0013169335491556712,5.357479572296143,2.033202886581421,1.4106587171554565,156,VEHICLE
128,12.8,-194.60330200195312,33.68568420410156,5.00236701965332,7.937565326690674,0.010415432043373585,0.00016689300537109375,0.0004837382584810257,0.0013241565933895354,5.357479572296143,2.033202886581421,1.4106587171554565,156,VEHICLE
129,12.9,-193.8111114501953,33.686729431152344,5.043434143066406,7.937554359436035,0.010460113175213337,-0.00010967254638671875,0.00044681131839752197,0.0013273960791842646,5.357479572296143,2.033202886581421,1.4106587171554565,156,VEHICLE
130,13.0,-193.0189208984375,33.68777847290039,5.084500789642334,7.937556743621826,0.010494040325284004,2.384185791015625e-05,0.00033927150070667267,0.0013273960791842646,5.357479572296143,2.033202886581421,1.4106587171554565,156,VEHICLE
131,13.1,-192.2267303466797,33.6888313293457,5.12556791305542,7.93756103515625,0.010512747801840305,4.291534423828125e-05,0.00018707476556301117,0.0013273960791842646,5.357479572296143,2.033202886581421,1.4106587171554565,156,VEHICLE
132,13.2,-191.43453979492188,33.68988037109375,5.166635036468506,7.937539577484131,0.010522672906517982,-0.00021457672119140625,9.925104677677155e-05,0.0013273960791842646,5.357479572296143,2.033202886581421,1.4106587171554565,156,VEHICLE
133,13.3,-190.64236450195312,33.69093322753906,5.207701683044434,7.937544345855713,0.010521849617362022,4.76837158203125e-05,-8.23289155960083e-06,0.0013247450115503074,5.357479572296143,2.033202886581421,1.4106587171554565,156,VEHICLE
134,13.4,-189.8501739501953,33.69198226928711,5.248768329620361,7.937546730041504,0.0105148209258914,2.384185791015625e-05,-7.028691470623016e-05,0.0013227948442227722,5.357479572296143,2.033202886581421,1.4106587171554565,156,VEHICLE
135,13.5,-189.0579833984375,33.69303512573242,5.289836406707764,7.937544822692871,0.010505174286663532,-1.9073486328125e-05,-9.646639227867126e-05,0.0013205596354348146,5.357479572296143,2.033202886581421,1.4106587171554565,156,VEHICLE
136,13.6,-188.2657928466797,33.69408416748047,5.330904006958008,7.937559604644775,0.010491792112588882,0.00014781951904296875,-0.0001338217407464981,0.0013181982905991335,5.357479572296143,2.033202886581421,1.4106587171554565,156,VEHICLE
137,13.7,-187.47360229492188,33.69513702392578,5.371970176696777,7.937563896179199,0.01047504786401987,4.291534423828125e-05,-0.00016744248569011688,0.001315886359885241,5.357479572296143,2.033202886581421,1.4106587171554565,156,VEHICLE
138,13.8,-186.68142700195312,33.69618606567383,5.413036823272705,7.937561511993408,0.010457862168550491,-2.384185791015625e-05,-0.00017185695469379425,0.0013134337289614137,5.357479572296143,2.033202886581421,1.4106587171554565,156,VEHICLE
139,13.9,-185.8892364501953,33.69723892211914,5.454103946685791,7.937554836273193,0.010439036414027214,-6.67572021484375e-05,-0.00018825754523277283,0.0013110176384802774,5.357479572296143,2.033202886581421,1.4106587171554565,156,VEHICLE
140,14.0,-185.0970458984375,33.69829177856445,5.495171546936035,7.93753719329834,0.010420430451631546,-0.00017642974853515625,-0.0001860596239566803,0.0013085595459956206,5.357479572296143,2.033202886581421,1.4106587171554565,156,VEHICLE
141,14.1,-184.3048553466797,33.6993293762207,5.536238193511963,7.9375481605529785,0.010401377454400063,0.00010967254638671875,-0.0001905299723148346,0.0013061620508287364,5.357479572296143,2.033202886581421,1.4106587171554565,156,VEHICLE
142,14.2,-183.51266479492188,33.70037078857422,5.577305793762207,7.937555313110352,0.010381954722106457,7.152557373046875e-05,-0.00019422732293605804,0.0013037329566313398,5.357479572296143,2.033202886581421,1.4106587171554565,156,VEHICLE
143,14.3,-182.72048950195312,33.70139694213867,5.618371486663818,7.937560081481934,0.010362897999584675,4.76837158203125e-05,-0.00019056722521781921,0.0013012894283088946,5.357479572296143,2.033202886581421,1.4106587171554565,156,VEHICLE
144,14.4,-181.9282989501953,33.70242691040039,5.659438133239746,7.937552452087402,0.010342815890908241,-7.62939453125e-05,-0.00020082108676433563,0.001298908707935986,5.357479572296143,2.033202886581421,1.4106587171554565,156,VEHICLE
145,14.5,-181.1361083984375,33.703453063964844,5.70050573348999,7.937546730041504,0.01032458245754242,-5.7220458984375e-05,-0.00018233433365821838,0.0012964270787248983,5.357479572296143,2.033202886581421,1.4106587171554565,156,VEHICLE
146,14.6,-180.3439178466797,33.70454406738281,5.741572856903076,7.937566757202148,0.011770293116569519,0.0002002716064453125,0.014457106590270996,0.001337827010182346,5.357479572296143,2.033202886581421,1.4106587171554565,156,VEHICLE
147,14.7,-179.55172729492188,33.70564651489258,5.782639503479004,7.9375481605529785,0.010966572910547256,-0.00018596649169921875,-0.008037202060222626,0.0013802619074169391,5.357479572296143,2.033202886581421,1.4106587171554565,156,VEHICLE
148,14.8,-178.75955200195312,33.70673751831055,5.823707103729248,7.937557697296143,0.010989111848175526,9.5367431640625e-05,0.00022538937628269196,0.0013945360867557086,5.357479572296143,2.033202886581421,1.4106587171554565,156,VEHICLE
149,14.9,-177.9673614501953,33.70783233642578,5.864773273468018,7.937553405761719,0.011038503609597683,-4.291534423828125e-05,0.0004939176142215729,0.0014018120561147516,5.357479572296143,2.033202886581421,1.4106587171554565,156,VEHICLE
